,acceptor,donor
0,CCCCCCOCCc1c(C=C2C(=O)c3ccccc3C2=C(C#N)C#N)sc2c3c4nsnc4c4c5sc(C=C6C(=O)c7cc(-c8ccc(-c9ccc%10c(c9)C(=O)C(=Cc9sc%11c%12c%13nsnc%13c%13c%14sc(C=C%15C(=O)c%16ccccc%16C%15=C(C#N)C#N)c(CCOCCCCCC)c%14n(CC(CCCC)CCCCCC)c%13c%12n(CC(CCCC)CCCCCC)c%11c9CCOCCCCCC)C%10=C(C#N)C#N)s8)ccc7C6=C(C#N)C#N)c(CCOCCCCCC)c5n(CC(CCCC)CCCCCC)c4c3n(CC(CCCC)CCCCCC)c12,CCCCC(CC)Cc1sc(-c2c3cc(-c4ccc(-c5sc(-c6ccc(C)s6)c6c5C(=O)c5c(CC(CC)CCCC)sc(CC(CC)CCCC)c5C6=O)s4)sc3c(-c3cc(F)c(CC(CC)CCCC)s3)c3cc(C)sc23)cc1F
1,CCCCCCOCCc1c(C=C2C(=O)c3cc(-c4ccc(-c5ccc6c(c5)C(=O)C(=Cc5sc7c8c9nsnc9c9c%10sc(C=C%11C(=O)c%12cc(Cl)c(Cl)cc%12C%11=C(C#N)C#N)c(CCOCCCCCC)c%10n(CC(CCCC)CCCCCC)c9c8n(CC(CCCC)CCCCCC)c7c5CCOCCCCCC)C6=C(C#N)C#N)s4)ccc3C2=C(C#N)C#N)sc2c3c4nsnc4c4c5sc(C=C6C(=O)c7cc(Cl)c(Cl)cc7C6=C(C#N)C#N)c(CCOCCCCCC)c5n(CC(CCCC)CCCCCC)c4c3n(CC(CCCC)CCCCCC)c12,CCCCC(CC)Cc1sc(-c2c3cc(-c4ccc(-c5sc(-c6ccc(C)s6)c6c5C(=O)c5c(CC(CC)CCCC)sc(CC(CC)CCCC)c5C6=O)s4)sc3c(-c3cc(F)c(CC(CC)CCCC)s3)c3cc(C)sc23)cc1F
2,CCCCCCOCCc1c(C=C2C(=O)c3cc(-c4ccc(-c5ccc6c(c5)C(=O)C(=Cc5sc7c8c9nsnc9c9c%10sc(C=C%11C(=O)c%12cc(F)c(F)cc%12C%11=C(C#N)C#N)c(CCOCCCCCC)c%10n(CC(CCCC)CCCCCC)c9c8n(CC(CCCC)CCCCCC)c7c5CCOCCCCCC)C6=C(C#N)C#N)s4)ccc3C2=C(C#N)C#N)sc2c3c4nsnc4c4c5sc(C=C6C(=O)c7cc(F)c(F)cc7C6=C(C#N)C#N)c(CCOCCCCCC)c5n(CC(CCCC)CCCCCC)c4c3n(CC(CCCC)CCCCCC)c12,CCCCC(CC)Cc1sc(-c2c3cc(-c4ccc(-c5sc(-c6ccc(C)s6)c6c5C(=O)c5c(CC(CC)CCCC)sc(CC(CC)CCCC)c5C6=O)s4)sc3c(-c3cc(F)c(CC(CC)CCCC)s3)c3cc(C)sc23)cc1F
3,CCCCCCOCCc1c(C=C2C(=O)c3cc(F)ccc3C2=C(C#N)C#N)sc2c3c4nsnc4c4c5sc(C=C6C(=O)c7cc(-c8ccc(-c9ccc%10c(c9)C(=O)C(=Cc9sc%11c%12c%13nsnc%13c%13c%14sc(C=C%15C(=O)c%16cc(F)ccc%16C%15=C(C#N)C#N)c(CCOCCCCCC)c%14n(CC(CCCC)CCCCCC)c%13c%12n(CC(CCCC)CCCCCC)c%11c9CCOCCCCCC)C%10=C(C#N)C#N)s8)ccc7C6=C(C#N)C#N)c(CCOCCCCCC)c5n(CC(CCCC)CCCCCC)c4c3n(CC(CCCC)CCCCCC)c12,CCCCC(CC)Cc1sc(-c2c3cc(-c4ccc(-c5sc(-c6ccc(C)s6)c6c5C(=O)c5c(CC(CC)CCCC)sc(CC(CC)CCCC)c5C6=O)s4)sc3c(-c3cc(F)c(CC(CC)CCCC)s3)c3cc(C)sc23)cc1F
4,CCCCCCOCCc1c(C=C2C(=O)c3cc(Cl)ccc3C2=C(C#N)C#N)sc2c3c4nsnc4c4c5sc(C=C6C(=O)c7cc(-c8ccc(-c9ccc%10c(c9)C(=O)C(=Cc9sc%11c%12c%13nsnc%13c%13c%14sc(C=C%15C(=O)c%16cc(Cl)ccc%16C%15=C(C#N)C#N)c(CCOCCCCCC)c%14n(CC(CCCC)CCCCCC)c%13c%12n(CC(CCCC)CCCCCC)c%11c9CCOCCCCCC)C%10=C(C#N)C#N)s8)ccc7C6=C(C#N)C#N)c(CCOCCCCCC)c5n(CC(CCCC)CCCCCC)c4c3n(CC(CCCC)CCCCCC)c12,CCCCC(CC)Cc1sc(-c2c3cc(-c4ccc(-c5sc(-c6ccc(C)s6)c6c5C(=O)c5c(CC(CC)CCCC)sc(CC(CC)CCCC)c5C6=O)s4)sc3c(-c3cc(F)c(CC(CC)CCCC)s3)c3cc(C)sc23)cc1F
5,CCCCCCC(CCCC)Cn1c2c(CCOCC(CC)CCCC)c(C=C3C(=O)c4ccccc4C3=C(C#N)C#N)sc2c2c3n[se]nc3c3c4sc(C=C5C(=O)c6cc(-c7ccc(-c8ccc9c(c8)C(=O)C(=Cc8sc%10c%11c%12n[se]nc%12c%12c%13sc(C=C%14C(=O)c%15ccccc%15C%14=C(C#N)C#N)c(CCOCC(CC)CCCC)c%13n(CC(CCCC)CCCCCC)c%12c%11n(CC(CCCC)CCCCCC)c%10c8CCOCC(CC)CCCC)C9=C(C#N)C#N)s7)ccc6C5=C(C#N)C#N)c(CCOCC(CC)CCCC)c4n(CC(CCCC)CCCCCC)c3c21,CCCCC(CC)Cc1sc(-c2c3cc(-c4ccc(-c5sc(-c6ccc(C)s6)c6c5C(=O)c5c(CC(CC)CCCC)sc(CC(CC)CCCC)c5C6=O)s4)sc3c(-c3cc(F)c(CC(CC)CCCC)s3)c3cc(C)sc23)cc1F
6,CCCCCCC(CCCC)Cn1c2c(CCOCC(CC)CCCC)c(C=C3C(=O)c4cc(-c5ccc(-c6ccc7c(c6)C(=O)C(=Cc6sc8c9c%10n[se]nc%10c%10c%11sc(C=C%12C(=O)c%13cc(Cl)c(Cl)cc%13C%12=C(C#N)C#N)c(CCOCC(CC)CCCC)c%11n(CC(CCCC)CCCCCC)c%10c9n(CC(CCCC)CCCCCC)c8c6CCOCC(CC)CCCC)C7=C(C#N)C#N)s5)ccc4C3=C(C#N)C#N)sc2c2c3n[se]nc3c3c4sc(C=C5C(=O)c6cc(Cl)c(Cl)cc6C5=C(C#N)C#N)c(CCOCC(CC)CCCC)c4n(CC(CCCC)CCCCCC)c3c21,CCCCC(CC)Cc1sc(-c2c3cc(-c4ccc(-c5sc(-c6ccc(C)s6)c6c5C(=O)c5c(CC(CC)CCCC)sc(CC(CC)CCCC)c5C6=O)s4)sc3c(-c3cc(F)c(CC(CC)CCCC)s3)c3cc(C)sc23)cc1F
7,CCCCCCC(CCCC)Cn1c2c(CCOCC(CC)CCCC)c(C=C3C(=O)c4cc(-c5ccc(-c6ccc7c(c6)C(=O)C(=Cc6sc8c9c%10n[se]nc%10c%10c%11sc(C=C%12C(=O)c%13cc(F)c(F)cc%13C%12=C(C#N)C#N)c(CCOCC(CC)CCCC)c%11n(CC(CCCC)CCCCCC)c%10c9n(CC(CCCC)CCCCCC)c8c6CCOCC(CC)CCCC)C7=C(C#N)C#N)s5)ccc4C3=C(C#N)C#N)sc2c2c3n[se]nc3c3c4sc(C=C5C(=O)c6cc(F)c(F)cc6C5=C(C#N)C#N)c(CCOCC(CC)CCCC)c4n(CC(CCCC)CCCCCC)c3c21,CCCCC(CC)Cc1sc(-c2c3cc(-c4ccc(-c5sc(-c6ccc(C)s6)c6c5C(=O)c5c(CC(CC)CCCC)sc(CC(CC)CCCC)c5C6=O)s4)sc3c(-c3cc(F)c(CC(CC)CCCC)s3)c3cc(C)sc23)cc1F
8,CCCCCCC(CCCC)Cn1c2c(CCOCC(CC)CCCC)c(C=C3C(=O)c4cc(F)ccc4C3=C(C#N)C#N)sc2c2c3n[se]nc3c3c4sc(C=C5C(=O)c6cc(-c7ccc(-c8ccc9c(c8)C(=O)C(=Cc8sc%10c%11c%12n[se]nc%12c%12c%13sc(C=C%14C(=O)c%15cc(F)ccc%15C%14=C(C#N)C#N)c(CCOCC(CC)CCCC)c%13n(CC(CCCC)CCCCCC)c%12c%11n(CC(CCCC)CCCCCC)c%10c8CCOCC(CC)CCCC)C9=C(C#N)C#N)s7)ccc6C5=C(C#N)C#N)c(CCOCC(CC)CCCC)c4n(CC(CCCC)CCCCCC)c3c21,CCCCC(CC)Cc1sc(-c2c3cc(-c4ccc(-c5sc(-c6ccc(C)s6)c6c5C(=O)c5c(CC(CC)CCCC)sc(CC(CC)CCCC)c5C6=O)s4)sc3c(-c3cc(F)c(CC(CC)CCCC)s3)c3cc(C)sc23)cc1F
9,CCCCCCC(CCCC)Cn1c2c(CCOCC(CC)CCCC)c(C=C3C(=O)c4cc(Cl)ccc4C3=C(C#N)C#N)sc2c2c3n[se]nc3c3c4sc(C=C5C(=O)c6cc(-c7ccc(-c8ccc9c(c8)C(=O)C(=Cc8sc%10c%11c%12n[se]nc%12c%12c%13sc(C=C%14C(=O)c%15cc(Cl)ccc%15C%14=C(C#N)C#N)c(CCOCC(CC)CCCC)c%13n(CC(CCCC)CCCCCC)c%12c%11n(CC(CCCC)CCCCCC)c%10c8CCOCC(CC)CCCC)C9=C(C#N)C#N)s7)ccc6C5=C(C#N)C#N)c(CCOCC(CC)CCCC)c4n(CC(CCCC)CCCCCC)c3c21,CCCCC(CC)Cc1sc(-c2c3cc(-c4ccc(-c5sc(-c6ccc(C)s6)c6c5C(=O)c5c(CC(CC)CCCC)sc(CC(CC)CCCC)c5C6=O)s4)sc3c(-c3cc(F)c(CC(CC)CCCC)s3)c3cc(C)sc23)cc1F
10,CCCCCCC(CCCC)Cn1c2c(CCOCC(CC)CCCC)c(C=C3C(=O)c4ccccc4C3=C(C#N)C#N)sc2c2c3nsnc3c3c4sc(C=C5C(=O)c6cc(-c7ccc(-c8ccc9c(c8)C(=O)C(=Cc8sc%10c%11c%12nsnc%12c%12c%13sc(C=C%14C(=O)c%15ccccc%15C%14=C(C#N)C#N)c(CCOCC(CC)CCCC)c%13n(CC(CCCC)CCCCCC)c%12c%11n(CC(CCCC)CCCCCC)c%10c8CCOCC(CC)CCCC)C9=C(C#N)C#N)s7)ccc6C5=C(C#N)C#N)c(CCOCC(CC)CCCC)c4n(CC(CCCC)CCCCCC)c3c21,CCCCC(CC)Cc1sc(-c2c3cc(-c4ccc(-c5sc(-c6ccc(C)s6)c6c5C(=O)c5c(CC(CC)CCCC)sc(CC(CC)CCCC)c5C6=O)s4)sc3c(-c3cc(F)c(CC(CC)CCCC)s3)c3cc(C)sc23)cc1F
11,CCCCCCC(CCCC)Cn1c2c(CCOCC(CC)CCCC)c(C=C3C(=O)c4cc(-c5ccc(-c6ccc7c(c6)C(=O)C(=Cc6sc8c9c%10nsnc%10c%10c%11sc(C=C%12C(=O)c%13cc(Cl)c(Cl)cc%13C%12=C(C#N)C#N)c(CCOCC(CC)CCCC)c%11n(CC(CCCC)CCCCCC)c%10c9n(CC(CCCC)CCCCCC)c8c6CCOCC(CC)CCCC)C7=C(C#N)C#N)s5)ccc4C3=C(C#N)C#N)sc2c2c3nsnc3c3c4sc(C=C5C(=O)c6cc(Cl)c(Cl)cc6C5=C(C#N)C#N)c(CCOCC(CC)CCCC)c4n(CC(CCCC)CCCCCC)c3c21,CCCCC(CC)Cc1sc(-c2c3cc(-c4ccc(-c5sc(-c6ccc(C)s6)c6c5C(=O)c5c(CC(CC)CCCC)sc(CC(CC)CCCC)c5C6=O)s4)sc3c(-c3cc(F)c(CC(CC)CCCC)s3)c3cc(C)sc23)cc1F
12,CCCCCCC(CCCC)Cn1c2c(CCOCC(CC)CCCC)c(C=C3C(=O)c4cc(-c5ccc(-c6ccc7c(c6)C(=O)C(=Cc6sc8c9c%10nsnc%10c%10c%11sc(C=C%12C(=O)c%13cc(F)c(F)cc%13C%12=C(C#N)C#N)c(CCOCC(CC)CCCC)c%11n(CC(CCCC)CCCCCC)c%10c9n(CC(CCCC)CCCCCC)c8c6CCOCC(CC)CCCC)C7=C(C#N)C#N)s5)ccc4C3=C(C#N)C#N)sc2c2c3nsnc3c3c4sc(C=C5C(=O)c6cc(F)c(F)cc6C5=C(C#N)C#N)c(CCOCC(CC)CCCC)c4n(CC(CCCC)CCCCCC)c3c21,CCCCC(CC)Cc1sc(-c2c3cc(-c4ccc(-c5sc(-c6ccc(C)s6)c6c5C(=O)c5c(CC(CC)CCCC)sc(CC(CC)CCCC)c5C6=O)s4)sc3c(-c3cc(F)c(CC(CC)CCCC)s3)c3cc(C)sc23)cc1F
13,CCCCCCC(CCCC)Cn1c2c(CCOCC(CC)CCCC)c(C=C3C(=O)c4cc(F)ccc4C3=C(C#N)C#N)sc2c2c3nsnc3c3c4sc(C=C5C(=O)c6cc(-c7ccc(-c8ccc9c(c8)C(=O)C(=Cc8sc%10c%11c%12nsnc%12c%12c%13sc(C=C%14C(=O)c%15cc(F)ccc%15C%14=C(C#N)C#N)c(CCOCC(CC)CCCC)c%13n(CC(CCCC)CCCCCC)c%12c%11n(CC(CCCC)CCCCCC)c%10c8CCOCC(CC)CCCC)C9=C(C#N)C#N)s7)ccc6C5=C(C#N)C#N)c(CCOCC(CC)CCCC)c4n(CC(CCCC)CCCCCC)c3c21,CCCCC(CC)Cc1sc(-c2c3cc(-c4ccc(-c5sc(-c6ccc(C)s6)c6c5C(=O)c5c(CC(CC)CCCC)sc(CC(CC)CCCC)c5C6=O)s4)sc3c(-c3cc(F)c(CC(CC)CCCC)s3)c3cc(C)sc23)cc1F
14,CCCCCCC(CCCC)Cn1c2c(CCOCC(CC)CCCC)c(C=C3C(=O)c4cc(Cl)ccc4C3=C(C#N)C#N)sc2c2c3nsnc3c3c4sc(C=C5C(=O)c6cc(-c7ccc(-c8ccc9c(c8)C(=O)C(=Cc8sc%10c%11c%12nsnc%12c%12c%13sc(C=C%14C(=O)c%15cc(Cl)ccc%15C%14=C(C#N)C#N)c(CCOCC(CC)CCCC)c%13n(CC(CCCC)CCCCCC)c%12c%11n(CC(CCCC)CCCCCC)c%10c8CCOCC(CC)CCCC)C9=C(C#N)C#N)s7)ccc6C5=C(C#N)C#N)c(CCOCC(CC)CCCC)c4n(CC(CCCC)CCCCCC)c3c21,CCCCC(CC)Cc1sc(-c2c3cc(-c4ccc(-c5sc(-c6ccc(C)s6)c6c5C(=O)c5c(CC(CC)CCCC)sc(CC(CC)CCCC)c5C6=O)s4)sc3c(-c3cc(F)c(CC(CC)CCCC)s3)c3cc(C)sc23)cc1F
15,CCCCCCC(CCCC)Cn1c2c3sc(C=C4C(=O)c5ccccc5C4=C(C#N)C#N)c(CCOCC(CC)CCCC)c3sc2c2c3n[se]nc3c3c4sc5c(CCOCC(CC)CCCC)c(C=C6C(=O)c7cc(-c8ccc(-c9ccc%10c(c9)C(=O)C(=Cc9sc%11c(sc%12c%13c%14n[se]nc%14c%14c%15sc%16c(CCOCC(CC)CCCC)c(C=C%17C(=O)c%18ccccc%18C%17=C(C#N)C#N)sc%16c%15n(CC(CCCC)CCCCCC)c%14c%13n(CC(CCCC)CCCCCC)c%11%12)c9CCOCC(CC)CCCC)C%10=C(C#N)C#N)s8)ccc7C6=C(C#N)C#N)sc5c4n(CC(CCCC)CCCCCC)c3c21,CCCCC(CC)Cc1sc(-c2c3cc(-c4ccc(-c5sc(-c6ccc(C)s6)c6c5C(=O)c5c(CC(CC)CCCC)sc(CC(CC)CCCC)c5C6=O)s4)sc3c(-c3cc(F)c(CC(CC)CCCC)s3)c3cc(C)sc23)cc1F
16,CCCCCCC(CCCC)Cn1c2c3sc(C=C4C(=O)c5cc(-c6ccc(-c7ccc8c(c7)C(=O)C(=Cc7sc9c(sc%10c%11c%12n[se]nc%12c%12c%13sc%14c(CCOCC(CC)CCCC)c(C=C%15C(=O)c%16cc(Cl)c(Cl)cc%16C%15=C(C#N)C#N)sc%14c%13n(CC(CCCC)CCCCCC)c%12c%11n(CC(CCCC)CCCCCC)c9%10)c7CCOCC(CC)CCCC)C8=C(C#N)C#N)s6)ccc5C4=C(C#N)C#N)c(CCOCC(CC)CCCC)c3sc2c2c3n[se]nc3c3c4sc5c(CCOCC(CC)CCCC)c(C=C6C(=O)c7cc(Cl)c(Cl)cc7C6=C(C#N)C#N)sc5c4n(CC(CCCC)CCCCCC)c3c21,CCCCC(CC)Cc1sc(-c2c3cc(-c4ccc(-c5sc(-c6ccc(C)s6)c6c5C(=O)c5c(CC(CC)CCCC)sc(CC(CC)CCCC)c5C6=O)s4)sc3c(-c3cc(F)c(CC(CC)CCCC)s3)c3cc(C)sc23)cc1F
17,CCCCCCC(CCCC)Cn1c2c3sc(C=C4C(=O)c5cc(-c6ccc(-c7ccc8c(c7)C(=O)C(=Cc7sc9c(sc%10c%11c%12n[se]nc%12c%12c%13sc%14c(CCOCC(CC)CCCC)c(C=C%15C(=O)c%16cc(F)c(F)cc%16C%15=C(C#N)C#N)sc%14c%13n(CC(CCCC)CCCCCC)c%12c%11n(CC(CCCC)CCCCCC)c9%10)c7CCOCC(CC)CCCC)C8=C(C#N)C#N)s6)ccc5C4=C(C#N)C#N)c(CCOCC(CC)CCCC)c3sc2c2c3n[se]nc3c3c4sc5c(CCOCC(CC)CCCC)c(C=C6C(=O)c7cc(F)c(F)cc7C6=C(C#N)C#N)sc5c4n(CC(CCCC)CCCCCC)c3c21,CCCCC(CC)Cc1sc(-c2c3cc(-c4ccc(-c5sc(-c6ccc(C)s6)c6c5C(=O)c5c(CC(CC)CCCC)sc(CC(CC)CCCC)c5C6=O)s4)sc3c(-c3cc(F)c(CC(CC)CCCC)s3)c3cc(C)sc23)cc1F
18,CCCCCCC(CCCC)Cn1c2c3sc(C=C4C(=O)c5cc(F)ccc5C4=C(C#N)C#N)c(CCOCC(CC)CCCC)c3sc2c2c3n[se]nc3c3c4sc5c(CCOCC(CC)CCCC)c(C=C6C(=O)c7cc(-c8ccc(-c9ccc%10c(c9)C(=O)C(=Cc9sc%11c(sc%12c%13c%14n[se]nc%14c%14c%15sc%16c(CCOCC(CC)CCCC)c(C=C%17C(=O)c%18cc(F)ccc%18C%17=C(C#N)C#N)sc%16c%15n(CC(CCCC)CCCCCC)c%14c%13n(CC(CCCC)CCCCCC)c%11%12)c9CCOCC(CC)CCCC)C%10=C(C#N)C#N)s8)ccc7C6=C(C#N)C#N)sc5c4n(CC(CCCC)CCCCCC)c3c21,CCCCC(CC)Cc1sc(-c2c3cc(-c4ccc(-c5sc(-c6ccc(C)s6)c6c5C(=O)c5c(CC(CC)CCCC)sc(CC(CC)CCCC)c5C6=O)s4)sc3c(-c3cc(F)c(CC(CC)CCCC)s3)c3cc(C)sc23)cc1F
19,CCCCCCC(CCCC)Cn1c2c3sc(C=C4C(=O)c5cc(Cl)ccc5C4=C(C#N)C#N)c(CCOCC(CC)CCCC)c3sc2c2c3n[se]nc3c3c4sc5c(CCOCC(CC)CCCC)c(C=C6C(=O)c7cc(-c8ccc(-c9ccc%10c(c9)C(=O)C(=Cc9sc%11c(sc%12c%13c%14n[se]nc%14c%14c%15sc%16c(CCOCC(CC)CCCC)c(C=C%17C(=O)c%18cc(Cl)ccc%18C%17=C(C#N)C#N)sc%16c%15n(CC(CCCC)CCCCCC)c%14c%13n(CC(CCCC)CCCCCC)c%11%12)c9CCOCC(CC)CCCC)C%10=C(C#N)C#N)s8)ccc7C6=C(C#N)C#N)sc5c4n(CC(CCCC)CCCCCC)c3c21,CCCCC(CC)Cc1sc(-c2c3cc(-c4ccc(-c5sc(-c6ccc(C)s6)c6c5C(=O)c5c(CC(CC)CCCC)sc(CC(CC)CCCC)c5C6=O)s4)sc3c(-c3cc(F)c(CC(CC)CCCC)s3)c3cc(C)sc23)cc1F
20,CCCCCCC(CCCC)Cn1c2c3sc(C=C4C(=O)c5ccccc5C4=C(C#N)C#N)c(CCOCC(CC)CCCC)c3sc2c2c3nsnc3c3c4sc5c(CCOCC(CC)CCCC)c(C=C6C(=O)c7cc(-c8ccc(-c9ccc%10c(c9)C(=O)C(=Cc9sc%11c(sc%12c%13c%14nsnc%14c%14c%15sc%16c(CCOCC(CC)CCCC)c(C=C%17C(=O)c%18ccccc%18C%17=C(C#N)C#N)sc%16c%15n(CC(CCCC)CCCCCC)c%14c%13n(CC(CCCC)CCCCCC)c%11%12)c9CCOCC(CC)CCCC)C%10=C(C#N)C#N)s8)ccc7C6=C(C#N)C#N)sc5c4n(CC(CCCC)CCCCCC)c3c21,CCCCC(CC)Cc1sc(-c2c3cc(-c4ccc(-c5sc(-c6ccc(C)s6)c6c5C(=O)c5c(CC(CC)CCCC)sc(CC(CC)CCCC)c5C6=O)s4)sc3c(-c3cc(F)c(CC(CC)CCCC)s3)c3cc(C)sc23)cc1F
21,CCCCCCC(CCCC)Cn1c2c3sc(C=C4C(=O)c5cc(-c6ccc(-c7ccc8c(c7)C(=O)C(=Cc7sc9c(sc%10c%11c%12nsnc%12c%12c%13sc%14c(CCOCC(CC)CCCC)c(C=C%15C(=O)c%16cc(Cl)c(Cl)cc%16C%15=C(C#N)C#N)sc%14c%13n(CC(CCCC)CCCCCC)c%12c%11n(CC(CCCC)CCCCCC)c9%10)c7CCOCC(CC)CCCC)C8=C(C#N)C#N)s6)ccc5C4=C(C#N)C#N)c(CCOCC(CC)CCCC)c3sc2c2c3nsnc3c3c4sc5c(CCOCC(CC)CCCC)c(C=C6C(=O)c7cc(Cl)c(Cl)cc7C6=C(C#N)C#N)sc5c4n(CC(CCCC)CCCCCC)c3c21,CCCCC(CC)Cc1sc(-c2c3cc(-c4ccc(-c5sc(-c6ccc(C)s6)c6c5C(=O)c5c(CC(CC)CCCC)sc(CC(CC)CCCC)c5C6=O)s4)sc3c(-c3cc(F)c(CC(CC)CCCC)s3)c3cc(C)sc23)cc1F
22,CCCCCCC(CCCC)Cn1c2c3sc(C=C4C(=O)c5cc(-c6ccc(-c7ccc8c(c7)C(=O)C(=Cc7sc9c(sc%10c%11c%12nsnc%12c%12c%13sc%14c(CCOCC(CC)CCCC)c(C=C%15C(=O)c%16cc(F)c(F)cc%16C%15=C(C#N)C#N)sc%14c%13n(CC(CCCC)CCCCCC)c%12c%11n(CC(CCCC)CCCCCC)c9%10)c7CCOCC(CC)CCCC)C8=C(C#N)C#N)s6)ccc5C4=C(C#N)C#N)c(CCOCC(CC)CCCC)c3sc2c2c3nsnc3c3c4sc5c(CCOCC(CC)CCCC)c(C=C6C(=O)c7cc(F)c(F)cc7C6=C(C#N)C#N)sc5c4n(CC(CCCC)CCCCCC)c3c21,CCCCC(CC)Cc1sc(-c2c3cc(-c4ccc(-c5sc(-c6ccc(C)s6)c6c5C(=O)c5c(CC(CC)CCCC)sc(CC(CC)CCCC)c5C6=O)s4)sc3c(-c3cc(F)c(CC(CC)CCCC)s3)c3cc(C)sc23)cc1F
23,CCCCCCC(CCCC)Cn1c2c3sc(C=C4C(=O)c5cc(F)ccc5C4=C(C#N)C#N)c(CCOCC(CC)CCCC)c3sc2c2c3nsnc3c3c4sc5c(CCOCC(CC)CCCC)c(C=C6C(=O)c7cc(-c8ccc(-c9ccc%10c(c9)C(=O)C(=Cc9sc%11c(sc%12c%13c%14nsnc%14c%14c%15sc%16c(CCOCC(CC)CCCC)c(C=C%17C(=O)c%18cc(F)ccc%18C%17=C(C#N)C#N)sc%16c%15n(CC(CCCC)CCCCCC)c%14c%13n(CC(CCCC)CCCCCC)c%11%12)c9CCOCC(CC)CCCC)C%10=C(C#N)C#N)s8)ccc7C6=C(C#N)C#N)sc5c4n(CC(CCCC)CCCCCC)c3c21,CCCCC(CC)Cc1sc(-c2c3cc(-c4ccc(-c5sc(-c6ccc(C)s6)c6c5C(=O)c5c(CC(CC)CCCC)sc(CC(CC)CCCC)c5C6=O)s4)sc3c(-c3cc(F)c(CC(CC)CCCC)s3)c3cc(C)sc23)cc1F
24,CCCCCCC(CCCC)Cn1c2c3sc(C=C4C(=O)c5cc(Cl)ccc5C4=C(C#N)C#N)c(CCOCC(CC)CCCC)c3sc2c2c3nsnc3c3c4sc5c(CCOCC(CC)CCCC)c(C=C6C(=O)c7cc(-c8ccc(-c9ccc%10c(c9)C(=O)C(=Cc9sc%11c(sc%12c%13c%14nsnc%14c%14c%15sc%16c(CCOCC(CC)CCCC)c(C=C%17C(=O)c%18cc(Cl)ccc%18C%17=C(C#N)C#N)sc%16c%15n(CC(CCCC)CCCCCC)c%14c%13n(CC(CCCC)CCCCCC)c%11%12)c9CCOCC(CC)CCCC)C%10=C(C#N)C#N)s8)ccc7C6=C(C#N)C#N)sc5c4n(CC(CCCC)CCCCCC)c3c21,CCCCC(CC)Cc1sc(-c2c3cc(-c4ccc(-c5sc(-c6ccc(C)s6)c6c5C(=O)c5c(CC(CC)CCCC)sc(CC(CC)CCCC)c5C6=O)s4)sc3c(-c3cc(F)c(CC(CC)CCCC)s3)c3cc(C)sc23)cc1F
25,CCCCCCOCCc1c(C=C2C(=O)c3ccccc3C2=C(C#N)C#N)sc2c3c4n[se]nc4c4c5sc(C=C6C(=O)c7cc(-c8ccc(-c9ccc%10c(c9)C(=O)C(=Cc9sc%11c%12c%13n[se]nc%13c%13c%14sc(C=C%15C(=O)c%16ccccc%16C%15=C(C#N)C#N)c(CCOCCCCCC)c%14n(CC(CCCC)CCCCCC)c%13c%12n(CC(CCCC)CCCCCC)c%11c9CCOCCCCCC)C%10=C(C#N)C#N)s8)ccc7C6=C(C#N)C#N)c(CCOCCCCCC)c5n(CC(CCCC)CCCCCC)c4c3n(CC(CCCC)CCCCCC)c12,CCCCC(CC)Cc1sc(-c2c3cc(-c4ccc(-c5sc(-c6ccc(C)s6)c6c5C(=O)c5c(CC(CC)CCCC)sc(CC(CC)CCCC)c5C6=O)s4)sc3c(-c3cc(F)c(CC(CC)CCCC)s3)c3cc(C)sc23)cc1F
26,CCCCCCOCCc1c(C=C2C(=O)c3cc(-c4ccc(-c5ccc6c(c5)C(=O)C(=Cc5sc7c8c9n[se]nc9c9c%10sc(C=C%11C(=O)c%12cc(Cl)c(Cl)cc%12C%11=C(C#N)C#N)c(CCOCCCCCC)c%10n(CC(CCCC)CCCCCC)c9c8n(CC(CCCC)CCCCCC)c7c5CCOCCCCCC)C6=C(C#N)C#N)s4)ccc3C2=C(C#N)C#N)sc2c3c4n[se]nc4c4c5sc(C=C6C(=O)c7cc(Cl)c(Cl)cc7C6=C(C#N)C#N)c(CCOCCCCCC)c5n(CC(CCCC)CCCCCC)c4c3n(CC(CCCC)CCCCCC)c12,CCCCC(CC)Cc1sc(-c2c3cc(-c4ccc(-c5sc(-c6ccc(C)s6)c6c5C(=O)c5c(CC(CC)CCCC)sc(CC(CC)CCCC)c5C6=O)s4)sc3c(-c3cc(F)c(CC(CC)CCCC)s3)c3cc(C)sc23)cc1F
27,CCCCCCOCCc1c(C=C2C(=O)c3cc(-c4ccc(-c5ccc6c(c5)C(=O)C(=Cc5sc7c8c9n[se]nc9c9c%10sc(C=C%11C(=O)c%12cc(F)c(F)cc%12C%11=C(C#N)C#N)c(CCOCCCCCC)c%10n(CC(CCCC)CCCCCC)c9c8n(CC(CCCC)CCCCCC)c7c5CCOCCCCCC)C6=C(C#N)C#N)s4)ccc3C2=C(C#N)C#N)sc2c3c4n[se]nc4c4c5sc(C=C6C(=O)c7cc(F)c(F)cc7C6=C(C#N)C#N)c(CCOCCCCCC)c5n(CC(CCCC)CCCCCC)c4c3n(CC(CCCC)CCCCCC)c12,CCCCC(CC)Cc1sc(-c2c3cc(-c4ccc(-c5sc(-c6ccc(C)s6)c6c5C(=O)c5c(CC(CC)CCCC)sc(CC(CC)CCCC)c5C6=O)s4)sc3c(-c3cc(F)c(CC(CC)CCCC)s3)c3cc(C)sc23)cc1F
28,CCCCCCOCCc1c(C=C2C(=O)c3cc(F)ccc3C2=C(C#N)C#N)sc2c3c4n[se]nc4c4c5sc(C=C6C(=O)c7cc(-c8ccc(-c9ccc%10c(c9)C(=O)C(=Cc9sc%11c%12c%13n[se]nc%13c%13c%14sc(C=C%15C(=O)c%16cc(F)ccc%16C%15=C(C#N)C#N)c(CCOCCCCCC)c%14n(CC(CCCC)CCCCCC)c%13c%12n(CC(CCCC)CCCCCC)c%11c9CCOCCCCCC)C%10=C(C#N)C#N)s8)ccc7C6=C(C#N)C#N)c(CCOCCCCCC)c5n(CC(CCCC)CCCCCC)c4c3n(CC(CCCC)CCCCCC)c12,CCCCC(CC)Cc1sc(-c2c3cc(-c4ccc(-c5sc(-c6ccc(C)s6)c6c5C(=O)c5c(CC(CC)CCCC)sc(CC(CC)CCCC)c5C6=O)s4)sc3c(-c3cc(F)c(CC(CC)CCCC)s3)c3cc(C)sc23)cc1F
29,CCCCCCOCCc1c(C=C2C(=O)c3cc(Cl)ccc3C2=C(C#N)C#N)sc2c3c4n[se]nc4c4c5sc(C=C6C(=O)c7cc(-c8ccc(-c9ccc%10c(c9)C(=O)C(=Cc9sc%11c%12c%13n[se]nc%13c%13c%14sc(C=C%15C(=O)c%16cc(Cl)ccc%16C%15=C(C#N)C#N)c(CCOCCCCCC)c%14n(CC(CCCC)CCCCCC)c%13c%12n(CC(CCCC)CCCCCC)c%11c9CCOCCCCCC)C%10=C(C#N)C#N)s8)ccc7C6=C(C#N)C#N)c(CCOCCCCCC)c5n(CC(CCCC)CCCCCC)c4c3n(CC(CCCC)CCCCCC)c12,CCCCC(CC)Cc1sc(-c2c3cc(-c4ccc(-c5sc(-c6ccc(C)s6)c6c5C(=O)c5c(CC(CC)CCCC)sc(CC(CC)CCCC)c5C6=O)s4)sc3c(-c3cc(F)c(CC(CC)CCCC)s3)c3cc(C)sc23)cc1F
30,CCCCCCOCCc1c(C=C2C(=O)c3ccccc3C2=C(C#N)C#N)sc2c3c4n[se]nc4c4c5sc(C=C6C(=O)c7cc(-c8ccc(-c9ccc%10c(c9)C(=O)C(=Cc9sc%11c%12c%13n[se]nc%13c%13c%14sc(C=C%15C(=O)c%16ccccc%16C%15=C(C#N)C#N)c(CCOCCCCCC)c%14n(CC(CC)CCCC)c%13c%12n(CC(CC)CCCC)c%11c9CCOCCCCCC)C%10=C(C#N)C#N)s8)ccc7C6=C(C#N)C#N)c(CCOCCCCCC)c5n(CC(CC)CCCC)c4c3n(CC(CC)CCCC)c12,CCCCC(CC)Cc1sc(-c2c3cc(-c4ccc(-c5sc(-c6ccc(C)s6)c6c5C(=O)c5c(CC(CC)CCCC)sc(CC(CC)CCCC)c5C6=O)s4)sc3c(-c3cc(F)c(CC(CC)CCCC)s3)c3cc(C)sc23)cc1F
31,CCCCCCOCCc1c(C=C2C(=O)c3cc(-c4ccc(-c5ccc6c(c5)C(=O)C(=Cc5sc7c8c9n[se]nc9c9c%10sc(C=C%11C(=O)c%12cc(Cl)c(Cl)cc%12C%11=C(C#N)C#N)c(CCOCCCCCC)c%10n(CC(CC)CCCC)c9c8n(CC(CC)CCCC)c7c5CCOCCCCCC)C6=C(C#N)C#N)s4)ccc3C2=C(C#N)C#N)sc2c3c4n[se]nc4c4c5sc(C=C6C(=O)c7cc(Cl)c(Cl)cc7C6=C(C#N)C#N)c(CCOCCCCCC)c5n(CC(CC)CCCC)c4c3n(CC(CC)CCCC)c12,CCCCC(CC)Cc1sc(-c2c3cc(-c4ccc(-c5sc(-c6ccc(C)s6)c6c5C(=O)c5c(CC(CC)CCCC)sc(CC(CC)CCCC)c5C6=O)s4)sc3c(-c3cc(F)c(CC(CC)CCCC)s3)c3cc(C)sc23)cc1F
32,CCCCCCOCCc1c(C=C2C(=O)c3cc(-c4ccc(-c5ccc6c(c5)C(=O)C(=Cc5sc7c8c9n[se]nc9c9c%10sc(C=C%11C(=O)c%12cc(F)c(F)cc%12C%11=C(C#N)C#N)c(CCOCCCCCC)c%10n(CC(CC)CCCC)c9c8n(CC(CC)CCCC)c7c5CCOCCCCCC)C6=C(C#N)C#N)s4)ccc3C2=C(C#N)C#N)sc2c3c4n[se]nc4c4c5sc(C=C6C(=O)c7cc(F)c(F)cc7C6=C(C#N)C#N)c(CCOCCCCCC)c5n(CC(CC)CCCC)c4c3n(CC(CC)CCCC)c12,CCCCC(CC)Cc1sc(-c2c3cc(-c4ccc(-c5sc(-c6ccc(C)s6)c6c5C(=O)c5c(CC(CC)CCCC)sc(CC(CC)CCCC)c5C6=O)s4)sc3c(-c3cc(F)c(CC(CC)CCCC)s3)c3cc(C)sc23)cc1F
33,CCCCCCOCCc1c(C=C2C(=O)c3cc(F)ccc3C2=C(C#N)C#N)sc2c3c4n[se]nc4c4c5sc(C=C6C(=O)c7cc(-c8ccc(-c9ccc%10c(c9)C(=O)C(=Cc9sc%11c%12c%13n[se]nc%13c%13c%14sc(C=C%15C(=O)c%16cc(F)ccc%16C%15=C(C#N)C#N)c(CCOCCCCCC)c%14n(CC(CC)CCCC)c%13c%12n(CC(CC)CCCC)c%11c9CCOCCCCCC)C%10=C(C#N)C#N)s8)ccc7C6=C(C#N)C#N)c(CCOCCCCCC)c5n(CC(CC)CCCC)c4c3n(CC(CC)CCCC)c12,CCCCC(CC)Cc1sc(-c2c3cc(-c4ccc(-c5sc(-c6ccc(C)s6)c6c5C(=O)c5c(CC(CC)CCCC)sc(CC(CC)CCCC)c5C6=O)s4)sc3c(-c3cc(F)c(CC(CC)CCCC)s3)c3cc(C)sc23)cc1F
34,CCCCCCOCCc1c(C=C2C(=O)c3cc(Cl)ccc3C2=C(C#N)C#N)sc2c3c4n[se]nc4c4c5sc(C=C6C(=O)c7cc(-c8ccc(-c9ccc%10c(c9)C(=O)C(=Cc9sc%11c%12c%13n[se]nc%13c%13c%14sc(C=C%15C(=O)c%16cc(Cl)ccc%16C%15=C(C#N)C#N)c(CCOCCCCCC)c%14n(CC(CC)CCCC)c%13c%12n(CC(CC)CCCC)c%11c9CCOCCCCCC)C%10=C(C#N)C#N)s8)ccc7C6=C(C#N)C#N)c(CCOCCCCCC)c5n(CC(CC)CCCC)c4c3n(CC(CC)CCCC)c12,CCCCC(CC)Cc1sc(-c2c3cc(-c4ccc(-c5sc(-c6ccc(C)s6)c6c5C(=O)c5c(CC(CC)CCCC)sc(CC(CC)CCCC)c5C6=O)s4)sc3c(-c3cc(F)c(CC(CC)CCCC)s3)c3cc(C)sc23)cc1F
35,CCCCCCOCCc1c(C=C2C(=O)c3ccccc3C2=C(C#N)C#N)sc2c3c4nsnc4c4c5sc(C=C6C(=O)c7cc(-c8ccc(-c9ccc%10c(c9)C(=O)C(=Cc9sc%11c%12c%13nsnc%13c%13c%14sc(C=C%15C(=O)c%16ccccc%16C%15=C(C#N)C#N)c(CCOCCCCCC)c%14n(CC(CC)CCCC)c%13c%12n(CC(CC)CCCC)c%11c9CCOCCCCCC)C%10=C(C#N)C#N)s8)ccc7C6=C(C#N)C#N)c(CCOCCCCCC)c5n(CC(CC)CCCC)c4c3n(CC(CC)CCCC)c12,CCCCC(CC)Cc1sc(-c2c3cc(-c4ccc(-c5sc(-c6ccc(C)s6)c6c5C(=O)c5c(CC(CC)CCCC)sc(CC(CC)CCCC)c5C6=O)s4)sc3c(-c3cc(F)c(CC(CC)CCCC)s3)c3cc(C)sc23)cc1F
36,CCCCCCOCCc1c(C=C2C(=O)c3cc(-c4ccc(-c5ccc6c(c5)C(=O)C(=Cc5sc7c8c9nsnc9c9c%10sc(C=C%11C(=O)c%12cc(Cl)c(Cl)cc%12C%11=C(C#N)C#N)c(CCOCCCCCC)c%10n(CC(CC)CCCC)c9c8n(CC(CC)CCCC)c7c5CCOCCCCCC)C6=C(C#N)C#N)s4)ccc3C2=C(C#N)C#N)sc2c3c4nsnc4c4c5sc(C=C6C(=O)c7cc(Cl)c(Cl)cc7C6=C(C#N)C#N)c(CCOCCCCCC)c5n(CC(CC)CCCC)c4c3n(CC(CC)CCCC)c12,CCCCC(CC)Cc1sc(-c2c3cc(-c4ccc(-c5sc(-c6ccc(C)s6)c6c5C(=O)c5c(CC(CC)CCCC)sc(CC(CC)CCCC)c5C6=O)s4)sc3c(-c3cc(F)c(CC(CC)CCCC)s3)c3cc(C)sc23)cc1F
37,CCCCCCOCCc1c(C=C2C(=O)c3cc(-c4ccc(-c5ccc6c(c5)C(=O)C(=Cc5sc7c8c9nsnc9c9c%10sc(C=C%11C(=O)c%12cc(F)c(F)cc%12C%11=C(C#N)C#N)c(CCOCCCCCC)c%10n(CC(CC)CCCC)c9c8n(CC(CC)CCCC)c7c5CCOCCCCCC)C6=C(C#N)C#N)s4)ccc3C2=C(C#N)C#N)sc2c3c4nsnc4c4c5sc(C=C6C(=O)c7cc(F)c(F)cc7C6=C(C#N)C#N)c(CCOCCCCCC)c5n(CC(CC)CCCC)c4c3n(CC(CC)CCCC)c12,CCCCC(CC)Cc1sc(-c2c3cc(-c4ccc(-c5sc(-c6ccc(C)s6)c6c5C(=O)c5c(CC(CC)CCCC)sc(CC(CC)CCCC)c5C6=O)s4)sc3c(-c3cc(F)c(CC(CC)CCCC)s3)c3cc(C)sc23)cc1F
38,CCCCCCOCCc1c(C=C2C(=O)c3cc(F)ccc3C2=C(C#N)C#N)sc2c3c4nsnc4c4c5sc(C=C6C(=O)c7cc(-c8ccc(-c9ccc%10c(c9)C(=O)C(=Cc9sc%11c%12c%13nsnc%13c%13c%14sc(C=C%15C(=O)c%16cc(F)ccc%16C%15=C(C#N)C#N)c(CCOCCCCCC)c%14n(CC(CC)CCCC)c%13c%12n(CC(CC)CCCC)c%11c9CCOCCCCCC)C%10=C(C#N)C#N)s8)ccc7C6=C(C#N)C#N)c(CCOCCCCCC)c5n(CC(CC)CCCC)c4c3n(CC(CC)CCCC)c12,CCCCC(CC)Cc1sc(-c2c3cc(-c4ccc(-c5sc(-c6ccc(C)s6)c6c5C(=O)c5c(CC(CC)CCCC)sc(CC(CC)CCCC)c5C6=O)s4)sc3c(-c3cc(F)c(CC(CC)CCCC)s3)c3cc(C)sc23)cc1F
39,CCCCCCOCCc1c(C=C2C(=O)c3cc(Cl)ccc3C2=C(C#N)C#N)sc2c3c4nsnc4c4c5sc(C=C6C(=O)c7cc(-c8ccc(-c9ccc%10c(c9)C(=O)C(=Cc9sc%11c%12c%13nsnc%13c%13c%14sc(C=C%15C(=O)c%16cc(Cl)ccc%16C%15=C(C#N)C#N)c(CCOCCCCCC)c%14n(CC(CC)CCCC)c%13c%12n(CC(CC)CCCC)c%11c9CCOCCCCCC)C%10=C(C#N)C#N)s8)ccc7C6=C(C#N)C#N)c(CCOCCCCCC)c5n(CC(CC)CCCC)c4c3n(CC(CC)CCCC)c12,CCCCC(CC)Cc1sc(-c2c3cc(-c4ccc(-c5sc(-c6ccc(C)s6)c6c5C(=O)c5c(CC(CC)CCCC)sc(CC(CC)CCCC)c5C6=O)s4)sc3c(-c3cc(F)c(CC(CC)CCCC)s3)c3cc(C)sc23)cc1F
40,CCCCCCC(CCCC)COCCc1c(C=C2C(=O)c3ccccc3C2=C(C#N)C#N)sc2c3c4nsnc4c4c5sc(C=C6C(=O)c7cc(-c8ccc(-c9ccc%10c(c9)C(=O)C(=Cc9sc%11c%12c%13nsnc%13c%13c%14sc(C=C%15C(=O)c%16ccccc%16C%15=C(C#N)C#N)c(CCOCC(CCCC)CCCCCC)c%14n(CC(CC)CCCC)c%13c%12n(CC(CC)CCCC)c%11c9CCOCC(CCCC)CCCCCC)C%10=C(C#N)C#N)s8)ccc7C6=C(C#N)C#N)c(CCOCC(CCCC)CCCCCC)c5n(CC(CC)CCCC)c4c3n(CC(CC)CCCC)c12,CCCCC(CC)Cc1sc(-c2c3cc(-c4ccc(-c5sc(-c6ccc(C)s6)c6c5C(=O)c5c(CC(CC)CCCC)sc(CC(CC)CCCC)c5C6=O)s4)sc3c(-c3cc(F)c(CC(CC)CCCC)s3)c3cc(C)sc23)cc1F
41,CCCCCCC(CCCC)COCCc1c(C=C2C(=O)c3cc(-c4ccc(-c5ccc6c(c5)C(=O)C(=Cc5sc7c8c9nsnc9c9c%10sc(C=C%11C(=O)c%12cc(Cl)c(Cl)cc%12C%11=C(C#N)C#N)c(CCOCC(CCCC)CCCCCC)c%10n(CC(CC)CCCC)c9c8n(CC(CC)CCCC)c7c5CCOCC(CCCC)CCCCCC)C6=C(C#N)C#N)s4)ccc3C2=C(C#N)C#N)sc2c3c4nsnc4c4c5sc(C=C6C(=O)c7cc(Cl)c(Cl)cc7C6=C(C#N)C#N)c(CCOCC(CCCC)CCCCCC)c5n(CC(CC)CCCC)c4c3n(CC(CC)CCCC)c12,CCCCC(CC)Cc1sc(-c2c3cc(-c4ccc(-c5sc(-c6ccc(C)s6)c6c5C(=O)c5c(CC(CC)CCCC)sc(CC(CC)CCCC)c5C6=O)s4)sc3c(-c3cc(F)c(CC(CC)CCCC)s3)c3cc(C)sc23)cc1F
42,CCCCCCC(CCCC)COCCc1c(C=C2C(=O)c3cc(-c4ccc(-c5ccc6c(c5)C(=O)C(=Cc5sc7c8c9nsnc9c9c%10sc(C=C%11C(=O)c%12cc(F)c(F)cc%12C%11=C(C#N)C#N)c(CCOCC(CCCC)CCCCCC)c%10n(CC(CC)CCCC)c9c8n(CC(CC)CCCC)c7c5CCOCC(CCCC)CCCCCC)C6=C(C#N)C#N)s4)ccc3C2=C(C#N)C#N)sc2c3c4nsnc4c4c5sc(C=C6C(=O)c7cc(F)c(F)cc7C6=C(C#N)C#N)c(CCOCC(CCCC)CCCCCC)c5n(CC(CC)CCCC)c4c3n(CC(CC)CCCC)c12,CCCCC(CC)Cc1sc(-c2c3cc(-c4ccc(-c5sc(-c6ccc(C)s6)c6c5C(=O)c5c(CC(CC)CCCC)sc(CC(CC)CCCC)c5C6=O)s4)sc3c(-c3cc(F)c(CC(CC)CCCC)s3)c3cc(C)sc23)cc1F
43,CCCCCCC(CCCC)COCCc1c(C=C2C(=O)c3cc(F)ccc3C2=C(C#N)C#N)sc2c3c4nsnc4c4c5sc(C=C6C(=O)c7cc(-c8ccc(-c9ccc%10c(c9)C(=O)C(=Cc9sc%11c%12c%13nsnc%13c%13c%14sc(C=C%15C(=O)c%16cc(F)ccc%16C%15=C(C#N)C#N)c(CCOCC(CCCC)CCCCCC)c%14n(CC(CC)CCCC)c%13c%12n(CC(CC)CCCC)c%11c9CCOCC(CCCC)CCCCCC)C%10=C(C#N)C#N)s8)ccc7C6=C(C#N)C#N)c(CCOCC(CCCC)CCCCCC)c5n(CC(CC)CCCC)c4c3n(CC(CC)CCCC)c12,CCCCC(CC)Cc1sc(-c2c3cc(-c4ccc(-c5sc(-c6ccc(C)s6)c6c5C(=O)c5c(CC(CC)CCCC)sc(CC(CC)CCCC)c5C6=O)s4)sc3c(-c3cc(F)c(CC(CC)CCCC)s3)c3cc(C)sc23)cc1F
44,CCCCCCC(CCCC)COCCc1c(C=C2C(=O)c3cc(Cl)ccc3C2=C(C#N)C#N)sc2c3c4nsnc4c4c5sc(C=C6C(=O)c7cc(-c8ccc(-c9ccc%10c(c9)C(=O)C(=Cc9sc%11c%12c%13nsnc%13c%13c%14sc(C=C%15C(=O)c%16cc(Cl)ccc%16C%15=C(C#N)C#N)c(CCOCC(CCCC)CCCCCC)c%14n(CC(CC)CCCC)c%13c%12n(CC(CC)CCCC)c%11c9CCOCC(CCCC)CCCCCC)C%10=C(C#N)C#N)s8)ccc7C6=C(C#N)C#N)c(CCOCC(CCCC)CCCCCC)c5n(CC(CC)CCCC)c4c3n(CC(CC)CCCC)c12,CCCCC(CC)Cc1sc(-c2c3cc(-c4ccc(-c5sc(-c6ccc(C)s6)c6c5C(=O)c5c(CC(CC)CCCC)sc(CC(CC)CCCC)c5C6=O)s4)sc3c(-c3cc(F)c(CC(CC)CCCC)s3)c3cc(C)sc23)cc1F
45,CCCCCCC(CCCC)COCCc1c(C=C2C(=O)c3ccccc3C2=C(C#N)C#N)sc2c3c4n[se]nc4c4c5sc(C=C6C(=O)c7cc(-c8ccc(-c9ccc%10c(c9)C(=O)C(=Cc9sc%11c%12c%13n[se]nc%13c%13c%14sc(C=C%15C(=O)c%16ccccc%16C%15=C(C#N)C#N)c(CCOCC(CCCC)CCCCCC)c%14n(CC(CC)CCCC)c%13c%12n(CC(CC)CCCC)c%11c9CCOCC(CCCC)CCCCCC)C%10=C(C#N)C#N)s8)ccc7C6=C(C#N)C#N)c(CCOCC(CCCC)CCCCCC)c5n(CC(CC)CCCC)c4c3n(CC(CC)CCCC)c12,CCCCC(CC)Cc1sc(-c2c3cc(-c4ccc(-c5sc(-c6ccc(C)s6)c6c5C(=O)c5c(CC(CC)CCCC)sc(CC(CC)CCCC)c5C6=O)s4)sc3c(-c3cc(F)c(CC(CC)CCCC)s3)c3cc(C)sc23)cc1F
46,CCCCCCC(CCCC)COCCc1c(C=C2C(=O)c3cc(-c4ccc(-c5ccc6c(c5)C(=O)C(=Cc5sc7c8c9n[se]nc9c9c%10sc(C=C%11C(=O)c%12cc(Cl)c(Cl)cc%12C%11=C(C#N)C#N)c(CCOCC(CCCC)CCCCCC)c%10n(CC(CC)CCCC)c9c8n(CC(CC)CCCC)c7c5CCOCC(CCCC)CCCCCC)C6=C(C#N)C#N)s4)ccc3C2=C(C#N)C#N)sc2c3c4n[se]nc4c4c5sc(C=C6C(=O)c7cc(Cl)c(Cl)cc7C6=C(C#N)C#N)c(CCOCC(CCCC)CCCCCC)c5n(CC(CC)CCCC)c4c3n(CC(CC)CCCC)c12,CCCCC(CC)Cc1sc(-c2c3cc(-c4ccc(-c5sc(-c6ccc(C)s6)c6c5C(=O)c5c(CC(CC)CCCC)sc(CC(CC)CCCC)c5C6=O)s4)sc3c(-c3cc(F)c(CC(CC)CCCC)s3)c3cc(C)sc23)cc1F
47,CCCCCCC(CCCC)COCCc1c(C=C2C(=O)c3cc(-c4ccc(-c5ccc6c(c5)C(=O)C(=Cc5sc7c8c9n[se]nc9c9c%10sc(C=C%11C(=O)c%12cc(F)c(F)cc%12C%11=C(C#N)C#N)c(CCOCC(CCCC)CCCCCC)c%10n(CC(CC)CCCC)c9c8n(CC(CC)CCCC)c7c5CCOCC(CCCC)CCCCCC)C6=C(C#N)C#N)s4)ccc3C2=C(C#N)C#N)sc2c3c4n[se]nc4c4c5sc(C=C6C(=O)c7cc(F)c(F)cc7C6=C(C#N)C#N)c(CCOCC(CCCC)CCCCCC)c5n(CC(CC)CCCC)c4c3n(CC(CC)CCCC)c12,CCCCC(CC)Cc1sc(-c2c3cc(-c4ccc(-c5sc(-c6ccc(C)s6)c6c5C(=O)c5c(CC(CC)CCCC)sc(CC(CC)CCCC)c5C6=O)s4)sc3c(-c3cc(F)c(CC(CC)CCCC)s3)c3cc(C)sc23)cc1F
48,CCCCCCC(CCCC)COCCc1c(C=C2C(=O)c3cc(F)ccc3C2=C(C#N)C#N)sc2c3c4n[se]nc4c4c5sc(C=C6C(=O)c7cc(-c8ccc(-c9ccc%10c(c9)C(=O)C(=Cc9sc%11c%12c%13n[se]nc%13c%13c%14sc(C=C%15C(=O)c%16cc(F)ccc%16C%15=C(C#N)C#N)c(CCOCC(CCCC)CCCCCC)c%14n(CC(CC)CCCC)c%13c%12n(CC(CC)CCCC)c%11c9CCOCC(CCCC)CCCCCC)C%10=C(C#N)C#N)s8)ccc7C6=C(C#N)C#N)c(CCOCC(CCCC)CCCCCC)c5n(CC(CC)CCCC)c4c3n(CC(CC)CCCC)c12,CCCCC(CC)Cc1sc(-c2c3cc(-c4ccc(-c5sc(-c6ccc(C)s6)c6c5C(=O)c5c(CC(CC)CCCC)sc(CC(CC)CCCC)c5C6=O)s4)sc3c(-c3cc(F)c(CC(CC)CCCC)s3)c3cc(C)sc23)cc1F
49,CCCCCCC(CCCC)COCCc1c(C=C2C(=O)c3cc(Cl)ccc3C2=C(C#N)C#N)sc2c3c4n[se]nc4c4c5sc(C=C6C(=O)c7cc(-c8ccc(-c9ccc%10c(c9)C(=O)C(=Cc9sc%11c%12c%13n[se]nc%13c%13c%14sc(C=C%15C(=O)c%16cc(Cl)ccc%16C%15=C(C#N)C#N)c(CCOCC(CCCC)CCCCCC)c%14n(CC(CC)CCCC)c%13c%12n(CC(CC)CCCC)c%11c9CCOCC(CCCC)CCCCCC)C%10=C(C#N)C#N)s8)ccc7C6=C(C#N)C#N)c(CCOCC(CCCC)CCCCCC)c5n(CC(CC)CCCC)c4c3n(CC(CC)CCCC)c12,CCCCC(CC)Cc1sc(-c2c3cc(-c4ccc(-c5sc(-c6ccc(C)s6)c6c5C(=O)c5c(CC(CC)CCCC)sc(CC(CC)CCCC)c5C6=O)s4)sc3c(-c3cc(F)c(CC(CC)CCCC)s3)c3cc(C)sc23)cc1F
50,CCCCCCCCc1c(C=C2C(=O)c3ccccc3C2=C(C#N)C#N)sc2c3c4nsnc4c4c5sc(C=C6C(=O)c7cc(-c8ccc(-c9ccc%10c(c9)C(=O)C(=Cc9sc%11c%12c%13nsnc%13c%13c%14sc(C=C%15C(=O)c%16ccccc%16C%15=C(C#N)C#N)c(CCCCCCCC)c%14n(CC(CC)CCCC)c%13c%12n(CC(CC)CCCC)c%11c9CCCCCCCC)C%10=C(C#N)C#N)s8)ccc7C6=C(C#N)C#N)c(CCCCCCCC)c5n(CC(CC)CCCC)c4c3n(CC(CC)CCCC)c12,CCCCC(CC)Cc1sc(-c2c3cc(-c4ccc(-c5sc(-c6ccc(C)s6)c6c5C(=O)c5c(CC(CC)CCCC)sc(CC(CC)CCCC)c5C6=O)s4)sc3c(-c3cc(F)c(CC(CC)CCCC)s3)c3cc(C)sc23)cc1F
51,CCCCCCCCc1c(C=C2C(=O)c3cc(-c4ccc(-c5ccc6c(c5)C(=O)C(=Cc5sc7c8c9nsnc9c9c%10sc(C=C%11C(=O)c%12cc(Cl)c(Cl)cc%12C%11=C(C#N)C#N)c(CCCCCCCC)c%10n(CC(CC)CCCC)c9c8n(CC(CC)CCCC)c7c5CCCCCCCC)C6=C(C#N)C#N)s4)ccc3C2=C(C#N)C#N)sc2c3c4nsnc4c4c5sc(C=C6C(=O)c7cc(Cl)c(Cl)cc7C6=C(C#N)C#N)c(CCCCCCCC)c5n(CC(CC)CCCC)c4c3n(CC(CC)CCCC)c12,CCCCC(CC)Cc1sc(-c2c3cc(-c4ccc(-c5sc(-c6ccc(C)s6)c6c5C(=O)c5c(CC(CC)CCCC)sc(CC(CC)CCCC)c5C6=O)s4)sc3c(-c3cc(F)c(CC(CC)CCCC)s3)c3cc(C)sc23)cc1F
52,CCCCCCCCc1c(C=C2C(=O)c3cc(-c4ccc(-c5ccc6c(c5)C(=O)C(=Cc5sc7c8c9nsnc9c9c%10sc(C=C%11C(=O)c%12cc(F)c(F)cc%12C%11=C(C#N)C#N)c(CCCCCCCC)c%10n(CC(CC)CCCC)c9c8n(CC(CC)CCCC)c7c5CCCCCCCC)C6=C(C#N)C#N)s4)ccc3C2=C(C#N)C#N)sc2c3c4nsnc4c4c5sc(C=C6C(=O)c7cc(F)c(F)cc7C6=C(C#N)C#N)c(CCCCCCCC)c5n(CC(CC)CCCC)c4c3n(CC(CC)CCCC)c12,CCCCC(CC)Cc1sc(-c2c3cc(-c4ccc(-c5sc(-c6ccc(C)s6)c6c5C(=O)c5c(CC(CC)CCCC)sc(CC(CC)CCCC)c5C6=O)s4)sc3c(-c3cc(F)c(CC(CC)CCCC)s3)c3cc(C)sc23)cc1F
53,CCCCCCCCc1c(C=C2C(=O)c3cc(F)ccc3C2=C(C#N)C#N)sc2c3c4nsnc4c4c5sc(C=C6C(=O)c7cc(-c8ccc(-c9ccc%10c(c9)C(=O)C(=Cc9sc%11c%12c%13nsnc%13c%13c%14sc(C=C%15C(=O)c%16cc(F)ccc%16C%15=C(C#N)C#N)c(CCCCCCCC)c%14n(CC(CC)CCCC)c%13c%12n(CC(CC)CCCC)c%11c9CCCCCCCC)C%10=C(C#N)C#N)s8)ccc7C6=C(C#N)C#N)c(CCCCCCCC)c5n(CC(CC)CCCC)c4c3n(CC(CC)CCCC)c12,CCCCC(CC)Cc1sc(-c2c3cc(-c4ccc(-c5sc(-c6ccc(C)s6)c6c5C(=O)c5c(CC(CC)CCCC)sc(CC(CC)CCCC)c5C6=O)s4)sc3c(-c3cc(F)c(CC(CC)CCCC)s3)c3cc(C)sc23)cc1F
54,CCCCCCCCc1c(C=C2C(=O)c3cc(Cl)ccc3C2=C(C#N)C#N)sc2c3c4nsnc4c4c5sc(C=C6C(=O)c7cc(-c8ccc(-c9ccc%10c(c9)C(=O)C(=Cc9sc%11c%12c%13nsnc%13c%13c%14sc(C=C%15C(=O)c%16cc(Cl)ccc%16C%15=C(C#N)C#N)c(CCCCCCCC)c%14n(CC(CC)CCCC)c%13c%12n(CC(CC)CCCC)c%11c9CCCCCCCC)C%10=C(C#N)C#N)s8)ccc7C6=C(C#N)C#N)c(CCCCCCCC)c5n(CC(CC)CCCC)c4c3n(CC(CC)CCCC)c12,CCCCC(CC)Cc1sc(-c2c3cc(-c4ccc(-c5sc(-c6ccc(C)s6)c6c5C(=O)c5c(CC(CC)CCCC)sc(CC(CC)CCCC)c5C6=O)s4)sc3c(-c3cc(F)c(CC(CC)CCCC)s3)c3cc(C)sc23)cc1F
55,CCCCCCCCc1c(C=C2C(=O)c3ccccc3C2=C(C#N)C#N)sc2c3c4n[se]nc4c4c5sc(C=C6C(=O)c7cc(-c8ccc(-c9ccc%10c(c9)C(=O)C(=Cc9sc%11c%12c%13n[se]nc%13c%13c%14sc(C=C%15C(=O)c%16ccccc%16C%15=C(C#N)C#N)c(CCCCCCCC)c%14n(CC(CC)CCCC)c%13c%12n(CC(CC)CCCC)c%11c9CCCCCCCC)C%10=C(C#N)C#N)s8)ccc7C6=C(C#N)C#N)c(CCCCCCCC)c5n(CC(CC)CCCC)c4c3n(CC(CC)CCCC)c12,CCCCC(CC)Cc1sc(-c2c3cc(-c4ccc(-c5sc(-c6ccc(C)s6)c6c5C(=O)c5c(CC(CC)CCCC)sc(CC(CC)CCCC)c5C6=O)s4)sc3c(-c3cc(F)c(CC(CC)CCCC)s3)c3cc(C)sc23)cc1F
56,CCCCCCCCc1c(C=C2C(=O)c3cc(-c4ccc(-c5ccc6c(c5)C(=O)C(=Cc5sc7c8c9n[se]nc9c9c%10sc(C=C%11C(=O)c%12cc(Cl)c(Cl)cc%12C%11=C(C#N)C#N)c(CCCCCCCC)c%10n(CC(CC)CCCC)c9c8n(CC(CC)CCCC)c7c5CCCCCCCC)C6=C(C#N)C#N)s4)ccc3C2=C(C#N)C#N)sc2c3c4n[se]nc4c4c5sc(C=C6C(=O)c7cc(Cl)c(Cl)cc7C6=C(C#N)C#N)c(CCCCCCCC)c5n(CC(CC)CCCC)c4c3n(CC(CC)CCCC)c12,CCCCC(CC)Cc1sc(-c2c3cc(-c4ccc(-c5sc(-c6ccc(C)s6)c6c5C(=O)c5c(CC(CC)CCCC)sc(CC(CC)CCCC)c5C6=O)s4)sc3c(-c3cc(F)c(CC(CC)CCCC)s3)c3cc(C)sc23)cc1F
57,CCCCCCCCc1c(C=C2C(=O)c3cc(-c4ccc(-c5ccc6c(c5)C(=O)C(=Cc5sc7c8c9n[se]nc9c9c%10sc(C=C%11C(=O)c%12cc(F)c(F)cc%12C%11=C(C#N)C#N)c(CCCCCCCC)c%10n(CC(CC)CCCC)c9c8n(CC(CC)CCCC)c7c5CCCCCCCC)C6=C(C#N)C#N)s4)ccc3C2=C(C#N)C#N)sc2c3c4n[se]nc4c4c5sc(C=C6C(=O)c7cc(F)c(F)cc7C6=C(C#N)C#N)c(CCCCCCCC)c5n(CC(CC)CCCC)c4c3n(CC(CC)CCCC)c12,CCCCC(CC)Cc1sc(-c2c3cc(-c4ccc(-c5sc(-c6ccc(C)s6)c6c5C(=O)c5c(CC(CC)CCCC)sc(CC(CC)CCCC)c5C6=O)s4)sc3c(-c3cc(F)c(CC(CC)CCCC)s3)c3cc(C)sc23)cc1F
58,CCCCCCCCc1c(C=C2C(=O)c3cc(F)ccc3C2=C(C#N)C#N)sc2c3c4n[se]nc4c4c5sc(C=C6C(=O)c7cc(-c8ccc(-c9ccc%10c(c9)C(=O)C(=Cc9sc%11c%12c%13n[se]nc%13c%13c%14sc(C=C%15C(=O)c%16cc(F)ccc%16C%15=C(C#N)C#N)c(CCCCCCCC)c%14n(CC(CC)CCCC)c%13c%12n(CC(CC)CCCC)c%11c9CCCCCCCC)C%10=C(C#N)C#N)s8)ccc7C6=C(C#N)C#N)c(CCCCCCCC)c5n(CC(CC)CCCC)c4c3n(CC(CC)CCCC)c12,CCCCC(CC)Cc1sc(-c2c3cc(-c4ccc(-c5sc(-c6ccc(C)s6)c6c5C(=O)c5c(CC(CC)CCCC)sc(CC(CC)CCCC)c5C6=O)s4)sc3c(-c3cc(F)c(CC(CC)CCCC)s3)c3cc(C)sc23)cc1F
59,CCCCCCCCc1c(C=C2C(=O)c3cc(Cl)ccc3C2=C(C#N)C#N)sc2c3c4n[se]nc4c4c5sc(C=C6C(=O)c7cc(-c8ccc(-c9ccc%10c(c9)C(=O)C(=Cc9sc%11c%12c%13n[se]nc%13c%13c%14sc(C=C%15C(=O)c%16cc(Cl)ccc%16C%15=C(C#N)C#N)c(CCCCCCCC)c%14n(CC(CC)CCCC)c%13c%12n(CC(CC)CCCC)c%11c9CCCCCCCC)C%10=C(C#N)C#N)s8)ccc7C6=C(C#N)C#N)c(CCCCCCCC)c5n(CC(CC)CCCC)c4c3n(CC(CC)CCCC)c12,CCCCC(CC)Cc1sc(-c2c3cc(-c4ccc(-c5sc(-c6ccc(C)s6)c6c5C(=O)c5c(CC(CC)CCCC)sc(CC(CC)CCCC)c5C6=O)s4)sc3c(-c3cc(F)c(CC(CC)CCCC)s3)c3cc(C)sc23)cc1F
60,CCCCCCC(CCCC)COCCc1c(C=C2C(=O)c3ccccc3C2=C(C#N)C#N)sc2c3c4nn(CC(CC)CCCC)nc4c4c5sc(C=C6C(=O)c7cc(-c8ccc(-c9ccc%10c(c9)C(=O)C(=Cc9sc%11c%12c%13nn(CC(CC)CCCC)nc%13c%13c%14sc(C=C%15C(=O)c%16ccccc%16C%15=C(C#N)C#N)c(CCOCC(CCCC)CCCCCC)c%14n(CC(CC)CCCC)c%13c%12n(CC(CC)CCCC)c%11c9CCOCC(CCCC)CCCCCC)C%10=C(C#N)C#N)s8)ccc7C6=C(C#N)C#N)c(CCOCC(CCCC)CCCCCC)c5n(CC(CC)CCCC)c4c3n(CC(CC)CCCC)c12,CCCCC(CC)Cc1sc(-c2c3cc(-c4ccc(-c5sc(-c6ccc(C)s6)c6c5C(=O)c5c(CC(CC)CCCC)sc(CC(CC)CCCC)c5C6=O)s4)sc3c(-c3cc(F)c(CC(CC)CCCC)s3)c3cc(C)sc23)cc1F
61,CCCCCCC(CCCC)COCCc1c(C=C2C(=O)c3cc(-c4ccc(-c5ccc6c(c5)C(=O)C(=Cc5sc7c8c9nn(CC(CC)CCCC)nc9c9c%10sc(C=C%11C(=O)c%12cc(Cl)c(Cl)cc%12C%11=C(C#N)C#N)c(CCOCC(CCCC)CCCCCC)c%10n(CC(CC)CCCC)c9c8n(CC(CC)CCCC)c7c5CCOCC(CCCC)CCCCCC)C6=C(C#N)C#N)s4)ccc3C2=C(C#N)C#N)sc2c3c4nn(CC(CC)CCCC)nc4c4c5sc(C=C6C(=O)c7cc(Cl)c(Cl)cc7C6=C(C#N)C#N)c(CCOCC(CCCC)CCCCCC)c5n(CC(CC)CCCC)c4c3n(CC(CC)CCCC)c12,CCCCC(CC)Cc1sc(-c2c3cc(-c4ccc(-c5sc(-c6ccc(C)s6)c6c5C(=O)c5c(CC(CC)CCCC)sc(CC(CC)CCCC)c5C6=O)s4)sc3c(-c3cc(F)c(CC(CC)CCCC)s3)c3cc(C)sc23)cc1F
62,CCCCCCC(CCCC)COCCc1c(C=C2C(=O)c3cc(-c4ccc(-c5ccc6c(c5)C(=O)C(=Cc5sc7c8c9nn(CC(CC)CCCC)nc9c9c%10sc(C=C%11C(=O)c%12cc(F)c(F)cc%12C%11=C(C#N)C#N)c(CCOCC(CCCC)CCCCCC)c%10n(CC(CC)CCCC)c9c8n(CC(CC)CCCC)c7c5CCOCC(CCCC)CCCCCC)C6=C(C#N)C#N)s4)ccc3C2=C(C#N)C#N)sc2c3c4nn(CC(CC)CCCC)nc4c4c5sc(C=C6C(=O)c7cc(F)c(F)cc7C6=C(C#N)C#N)c(CCOCC(CCCC)CCCCCC)c5n(CC(CC)CCCC)c4c3n(CC(CC)CCCC)c12,CCCCC(CC)Cc1sc(-c2c3cc(-c4ccc(-c5sc(-c6ccc(C)s6)c6c5C(=O)c5c(CC(CC)CCCC)sc(CC(CC)CCCC)c5C6=O)s4)sc3c(-c3cc(F)c(CC(CC)CCCC)s3)c3cc(C)sc23)cc1F
63,CCCCCCC(CCCC)COCCc1c(C=C2C(=O)c3cc(F)ccc3C2=C(C#N)C#N)sc2c3c4nn(CC(CC)CCCC)nc4c4c5sc(C=C6C(=O)c7cc(-c8ccc(-c9ccc%10c(c9)C(=O)C(=Cc9sc%11c%12c%13nn(CC(CC)CCCC)nc%13c%13c%14sc(C=C%15C(=O)c%16cc(F)ccc%16C%15=C(C#N)C#N)c(CCOCC(CCCC)CCCCCC)c%14n(CC(CC)CCCC)c%13c%12n(CC(CC)CCCC)c%11c9CCOCC(CCCC)CCCCCC)C%10=C(C#N)C#N)s8)ccc7C6=C(C#N)C#N)c(CCOCC(CCCC)CCCCCC)c5n(CC(CC)CCCC)c4c3n(CC(CC)CCCC)c12,CCCCC(CC)Cc1sc(-c2c3cc(-c4ccc(-c5sc(-c6ccc(C)s6)c6c5C(=O)c5c(CC(CC)CCCC)sc(CC(CC)CCCC)c5C6=O)s4)sc3c(-c3cc(F)c(CC(CC)CCCC)s3)c3cc(C)sc23)cc1F
64,CCCCCCC(CCCC)COCCc1c(C=C2C(=O)c3cc(Cl)ccc3C2=C(C#N)C#N)sc2c3c4nn(CC(CC)CCCC)nc4c4c5sc(C=C6C(=O)c7cc(-c8ccc(-c9ccc%10c(c9)C(=O)C(=Cc9sc%11c%12c%13nn(CC(CC)CCCC)nc%13c%13c%14sc(C=C%15C(=O)c%16cc(Cl)ccc%16C%15=C(C#N)C#N)c(CCOCC(CCCC)CCCCCC)c%14n(CC(CC)CCCC)c%13c%12n(CC(CC)CCCC)c%11c9CCOCC(CCCC)CCCCCC)C%10=C(C#N)C#N)s8)ccc7C6=C(C#N)C#N)c(CCOCC(CCCC)CCCCCC)c5n(CC(CC)CCCC)c4c3n(CC(CC)CCCC)c12,CCCCC(CC)Cc1sc(-c2c3cc(-c4ccc(-c5sc(-c6ccc(C)s6)c6c5C(=O)c5c(CC(CC)CCCC)sc(CC(CC)CCCC)c5C6=O)s4)sc3c(-c3cc(F)c(CC(CC)CCCC)s3)c3cc(C)sc23)cc1F
65,CCCCCCC(CCCC)COCCc1c(C=C2C(=O)c3ccccc3C2=C(C#N)C#N)sc2c3c4nn(CC(CC)CCCC)nc4c4c5sc(C=C6C(=O)c7cc(-c8ccc(-c9ccc%10c(c9)C(=O)C(=Cc9sc%11c%12c%13nn(CC(CC)CCCC)nc%13c%13c%14sc(C=C%15C(=O)c%16ccccc%16C%15=C(C#N)C#N)c(CCOCC(CCCC)CCCCCC)c%14n(CC(CCCC)CCCCCC)c%13c%12n(CC(CCCC)CCCCCC)c%11c9CCOCC(CCCC)CCCCCC)C%10=C(C#N)C#N)s8)ccc7C6=C(C#N)C#N)c(CCOCC(CCCC)CCCCCC)c5n(CC(CCCC)CCCCCC)c4c3n(CC(CCCC)CCCCCC)c12,CCCCC(CC)Cc1sc(-c2c3cc(-c4ccc(-c5sc(-c6ccc(C)s6)c6c5C(=O)c5c(CC(CC)CCCC)sc(CC(CC)CCCC)c5C6=O)s4)sc3c(-c3cc(F)c(CC(CC)CCCC)s3)c3cc(C)sc23)cc1F
66,CCCCCCC(CCCC)COCCc1c(C=C2C(=O)c3cc(-c4ccc(-c5ccc6c(c5)C(=O)C(=Cc5sc7c8c9nn(CC(CC)CCCC)nc9c9c%10sc(C=C%11C(=O)c%12cc(Cl)c(Cl)cc%12C%11=C(C#N)C#N)c(CCOCC(CCCC)CCCCCC)c%10n(CC(CCCC)CCCCCC)c9c8n(CC(CCCC)CCCCCC)c7c5CCOCC(CCCC)CCCCCC)C6=C(C#N)C#N)s4)ccc3C2=C(C#N)C#N)sc2c3c4nn(CC(CC)CCCC)nc4c4c5sc(C=C6C(=O)c7cc(Cl)c(Cl)cc7C6=C(C#N)C#N)c(CCOCC(CCCC)CCCCCC)c5n(CC(CCCC)CCCCCC)c4c3n(CC(CCCC)CCCCCC)c12,CCCCC(CC)Cc1sc(-c2c3cc(-c4ccc(-c5sc(-c6ccc(C)s6)c6c5C(=O)c5c(CC(CC)CCCC)sc(CC(CC)CCCC)c5C6=O)s4)sc3c(-c3cc(F)c(CC(CC)CCCC)s3)c3cc(C)sc23)cc1F
67,CCCCCCC(CCCC)COCCc1c(C=C2C(=O)c3cc(-c4ccc(-c5ccc6c(c5)C(=O)C(=Cc5sc7c8c9nn(CC(CC)CCCC)nc9c9c%10sc(C=C%11C(=O)c%12cc(F)c(F)cc%12C%11=C(C#N)C#N)c(CCOCC(CCCC)CCCCCC)c%10n(CC(CCCC)CCCCCC)c9c8n(CC(CCCC)CCCCCC)c7c5CCOCC(CCCC)CCCCCC)C6=C(C#N)C#N)s4)ccc3C2=C(C#N)C#N)sc2c3c4nn(CC(CC)CCCC)nc4c4c5sc(C=C6C(=O)c7cc(F)c(F)cc7C6=C(C#N)C#N)c(CCOCC(CCCC)CCCCCC)c5n(CC(CCCC)CCCCCC)c4c3n(CC(CCCC)CCCCCC)c12,CCCCC(CC)Cc1sc(-c2c3cc(-c4ccc(-c5sc(-c6ccc(C)s6)c6c5C(=O)c5c(CC(CC)CCCC)sc(CC(CC)CCCC)c5C6=O)s4)sc3c(-c3cc(F)c(CC(CC)CCCC)s3)c3cc(C)sc23)cc1F
68,CCCCCCC(CCCC)COCCc1c(C=C2C(=O)c3cc(F)ccc3C2=C(C#N)C#N)sc2c3c4nn(CC(CC)CCCC)nc4c4c5sc(C=C6C(=O)c7cc(-c8ccc(-c9ccc%10c(c9)C(=O)C(=Cc9sc%11c%12c%13nn(CC(CC)CCCC)nc%13c%13c%14sc(C=C%15C(=O)c%16cc(F)ccc%16C%15=C(C#N)C#N)c(CCOCC(CCCC)CCCCCC)c%14n(CC(CCCC)CCCCCC)c%13c%12n(CC(CCCC)CCCCCC)c%11c9CCOCC(CCCC)CCCCCC)C%10=C(C#N)C#N)s8)ccc7C6=C(C#N)C#N)c(CCOCC(CCCC)CCCCCC)c5n(CC(CCCC)CCCCCC)c4c3n(CC(CCCC)CCCCCC)c12,CCCCC(CC)Cc1sc(-c2c3cc(-c4ccc(-c5sc(-c6ccc(C)s6)c6c5C(=O)c5c(CC(CC)CCCC)sc(CC(CC)CCCC)c5C6=O)s4)sc3c(-c3cc(F)c(CC(CC)CCCC)s3)c3cc(C)sc23)cc1F
69,CCCCCCC(CCCC)COCCc1c(C=C2C(=O)c3cc(Cl)ccc3C2=C(C#N)C#N)sc2c3c4nn(CC(CC)CCCC)nc4c4c5sc(C=C6C(=O)c7cc(-c8ccc(-c9ccc%10c(c9)C(=O)C(=Cc9sc%11c%12c%13nn(CC(CC)CCCC)nc%13c%13c%14sc(C=C%15C(=O)c%16cc(Cl)ccc%16C%15=C(C#N)C#N)c(CCOCC(CCCC)CCCCCC)c%14n(CC(CCCC)CCCCCC)c%13c%12n(CC(CCCC)CCCCCC)c%11c9CCOCC(CCCC)CCCCCC)C%10=C(C#N)C#N)s8)ccc7C6=C(C#N)C#N)c(CCOCC(CCCC)CCCCCC)c5n(CC(CCCC)CCCCCC)c4c3n(CC(CCCC)CCCCCC)c12,CCCCC(CC)Cc1sc(-c2c3cc(-c4ccc(-c5sc(-c6ccc(C)s6)c6c5C(=O)c5c(CC(CC)CCCC)sc(CC(CC)CCCC)c5C6=O)s4)sc3c(-c3cc(F)c(CC(CC)CCCC)s3)c3cc(C)sc23)cc1F
70,CCCCCCOCCc1c(C=C2C(=O)c3ccccc3C2=C(C#N)C#N)sc2c3c4nn(CC(CC)CCCC)nc4c4c5sc(C=C6C(=O)c7cc(-c8ccc(-c9ccc%10c(c9)C(=O)C(=Cc9sc%11c%12c%13nn(CC(CC)CCCC)nc%13c%13c%14sc(C=C%15C(=O)c%16ccccc%16C%15=C(C#N)C#N)c(CCOCCCCCC)c%14n(CC(CC)CCCC)c%13c%12n(CC(CC)CCCC)c%11c9CCOCCCCCC)C%10=C(C#N)C#N)s8)ccc7C6=C(C#N)C#N)c(CCOCCCCCC)c5n(CC(CC)CCCC)c4c3n(CC(CC)CCCC)c12,CCCCC(CC)Cc1sc(-c2c3cc(-c4ccc(-c5sc(-c6ccc(C)s6)c6c5C(=O)c5c(CC(CC)CCCC)sc(CC(CC)CCCC)c5C6=O)s4)sc3c(-c3cc(F)c(CC(CC)CCCC)s3)c3cc(C)sc23)cc1F
71,CCCCCCOCCc1c(C=C2C(=O)c3cc(-c4ccc(-c5ccc6c(c5)C(=O)C(=Cc5sc7c8c9nn(CC(CC)CCCC)nc9c9c%10sc(C=C%11C(=O)c%12cc(Cl)c(Cl)cc%12C%11=C(C#N)C#N)c(CCOCCCCCC)c%10n(CC(CC)CCCC)c9c8n(CC(CC)CCCC)c7c5CCOCCCCCC)C6=C(C#N)C#N)s4)ccc3C2=C(C#N)C#N)sc2c3c4nn(CC(CC)CCCC)nc4c4c5sc(C=C6C(=O)c7cc(Cl)c(Cl)cc7C6=C(C#N)C#N)c(CCOCCCCCC)c5n(CC(CC)CCCC)c4c3n(CC(CC)CCCC)c12,CCCCC(CC)Cc1sc(-c2c3cc(-c4ccc(-c5sc(-c6ccc(C)s6)c6c5C(=O)c5c(CC(CC)CCCC)sc(CC(CC)CCCC)c5C6=O)s4)sc3c(-c3cc(F)c(CC(CC)CCCC)s3)c3cc(C)sc23)cc1F
72,CCCCCCOCCc1c(C=C2C(=O)c3cc(-c4ccc(-c5ccc6c(c5)C(=O)C(=Cc5sc7c8c9nn(CC(CC)CCCC)nc9c9c%10sc(C=C%11C(=O)c%12cc(F)c(F)cc%12C%11=C(C#N)C#N)c(CCOCCCCCC)c%10n(CC(CC)CCCC)c9c8n(CC(CC)CCCC)c7c5CCOCCCCCC)C6=C(C#N)C#N)s4)ccc3C2=C(C#N)C#N)sc2c3c4nn(CC(CC)CCCC)nc4c4c5sc(C=C6C(=O)c7cc(F)c(F)cc7C6=C(C#N)C#N)c(CCOCCCCCC)c5n(CC(CC)CCCC)c4c3n(CC(CC)CCCC)c12,CCCCC(CC)Cc1sc(-c2c3cc(-c4ccc(-c5sc(-c6ccc(C)s6)c6c5C(=O)c5c(CC(CC)CCCC)sc(CC(CC)CCCC)c5C6=O)s4)sc3c(-c3cc(F)c(CC(CC)CCCC)s3)c3cc(C)sc23)cc1F
73,CCCCCCOCCc1c(C=C2C(=O)c3cc(F)ccc3C2=C(C#N)C#N)sc2c3c4nn(CC(CC)CCCC)nc4c4c5sc(C=C6C(=O)c7cc(-c8ccc(-c9ccc%10c(c9)C(=O)C(=Cc9sc%11c%12c%13nn(CC(CC)CCCC)nc%13c%13c%14sc(C=C%15C(=O)c%16cc(F)ccc%16C%15=C(C#N)C#N)c(CCOCCCCCC)c%14n(CC(CC)CCCC)c%13c%12n(CC(CC)CCCC)c%11c9CCOCCCCCC)C%10=C(C#N)C#N)s8)ccc7C6=C(C#N)C#N)c(CCOCCCCCC)c5n(CC(CC)CCCC)c4c3n(CC(CC)CCCC)c12,CCCCC(CC)Cc1sc(-c2c3cc(-c4ccc(-c5sc(-c6ccc(C)s6)c6c5C(=O)c5c(CC(CC)CCCC)sc(CC(CC)CCCC)c5C6=O)s4)sc3c(-c3cc(F)c(CC(CC)CCCC)s3)c3cc(C)sc23)cc1F
74,CCCCCCOCCc1c(C=C2C(=O)c3cc(Cl)ccc3C2=C(C#N)C#N)sc2c3c4nn(CC(CC)CCCC)nc4c4c5sc(C=C6C(=O)c7cc(-c8ccc(-c9ccc%10c(c9)C(=O)C(=Cc9sc%11c%12c%13nn(CC(CC)CCCC)nc%13c%13c%14sc(C=C%15C(=O)c%16cc(Cl)ccc%16C%15=C(C#N)C#N)c(CCOCCCCCC)c%14n(CC(CC)CCCC)c%13c%12n(CC(CC)CCCC)c%11c9CCOCCCCCC)C%10=C(C#N)C#N)s8)ccc7C6=C(C#N)C#N)c(CCOCCCCCC)c5n(CC(CC)CCCC)c4c3n(CC(CC)CCCC)c12,CCCCC(CC)Cc1sc(-c2c3cc(-c4ccc(-c5sc(-c6ccc(C)s6)c6c5C(=O)c5c(CC(CC)CCCC)sc(CC(CC)CCCC)c5C6=O)s4)sc3c(-c3cc(F)c(CC(CC)CCCC)s3)c3cc(C)sc23)cc1F
75,CCCCCCOCCc1c(C=C2C(=O)c3ccccc3C2=C(C#N)C#N)sc2c3c4nn(CC(CC)CCCC)nc4c4c5sc(C=C6C(=O)c7cc(-c8ccc(-c9ccc%10c(c9)C(=O)C(=Cc9sc%11c%12c%13nn(CC(CC)CCCC)nc%13c%13c%14sc(C=C%15C(=O)c%16ccccc%16C%15=C(C#N)C#N)c(CCOCCCCCC)c%14n(CC(CCCC)CCCCCC)c%13c%12n(CC(CCCC)CCCCCC)c%11c9CCOCCCCCC)C%10=C(C#N)C#N)s8)ccc7C6=C(C#N)C#N)c(CCOCCCCCC)c5n(CC(CCCC)CCCCCC)c4c3n(CC(CCCC)CCCCCC)c12,CCCCC(CC)Cc1sc(-c2c3cc(-c4ccc(-c5sc(-c6ccc(C)s6)c6c5C(=O)c5c(CC(CC)CCCC)sc(CC(CC)CCCC)c5C6=O)s4)sc3c(-c3cc(F)c(CC(CC)CCCC)s3)c3cc(C)sc23)cc1F
76,CCCCCCOCCc1c(C=C2C(=O)c3cc(-c4ccc(-c5ccc6c(c5)C(=O)C(=Cc5sc7c8c9nn(CC(CC)CCCC)nc9c9c%10sc(C=C%11C(=O)c%12cc(Cl)c(Cl)cc%12C%11=C(C#N)C#N)c(CCOCCCCCC)c%10n(CC(CCCC)CCCCCC)c9c8n(CC(CCCC)CCCCCC)c7c5CCOCCCCCC)C6=C(C#N)C#N)s4)ccc3C2=C(C#N)C#N)sc2c3c4nn(CC(CC)CCCC)nc4c4c5sc(C=C6C(=O)c7cc(Cl)c(Cl)cc7C6=C(C#N)C#N)c(CCOCCCCCC)c5n(CC(CCCC)CCCCCC)c4c3n(CC(CCCC)CCCCCC)c12,CCCCC(CC)Cc1sc(-c2c3cc(-c4ccc(-c5sc(-c6ccc(C)s6)c6c5C(=O)c5c(CC(CC)CCCC)sc(CC(CC)CCCC)c5C6=O)s4)sc3c(-c3cc(F)c(CC(CC)CCCC)s3)c3cc(C)sc23)cc1F
77,CCCCCCOCCc1c(C=C2C(=O)c3cc(-c4ccc(-c5ccc6c(c5)C(=O)C(=Cc5sc7c8c9nn(CC(CC)CCCC)nc9c9c%10sc(C=C%11C(=O)c%12cc(F)c(F)cc%12C%11=C(C#N)C#N)c(CCOCCCCCC)c%10n(CC(CCCC)CCCCCC)c9c8n(CC(CCCC)CCCCCC)c7c5CCOCCCCCC)C6=C(C#N)C#N)s4)ccc3C2=C(C#N)C#N)sc2c3c4nn(CC(CC)CCCC)nc4c4c5sc(C=C6C(=O)c7cc(F)c(F)cc7C6=C(C#N)C#N)c(CCOCCCCCC)c5n(CC(CCCC)CCCCCC)c4c3n(CC(CCCC)CCCCCC)c12,CCCCC(CC)Cc1sc(-c2c3cc(-c4ccc(-c5sc(-c6ccc(C)s6)c6c5C(=O)c5c(CC(CC)CCCC)sc(CC(CC)CCCC)c5C6=O)s4)sc3c(-c3cc(F)c(CC(CC)CCCC)s3)c3cc(C)sc23)cc1F
78,CCCCCCOCCc1c(C=C2C(=O)c3cc(F)ccc3C2=C(C#N)C#N)sc2c3c4nn(CC(CC)CCCC)nc4c4c5sc(C=C6C(=O)c7cc(-c8ccc(-c9ccc%10c(c9)C(=O)C(=Cc9sc%11c%12c%13nn(CC(CC)CCCC)nc%13c%13c%14sc(C=C%15C(=O)c%16cc(F)ccc%16C%15=C(C#N)C#N)c(CCOCCCCCC)c%14n(CC(CCCC)CCCCCC)c%13c%12n(CC(CCCC)CCCCCC)c%11c9CCOCCCCCC)C%10=C(C#N)C#N)s8)ccc7C6=C(C#N)C#N)c(CCOCCCCCC)c5n(CC(CCCC)CCCCCC)c4c3n(CC(CCCC)CCCCCC)c12,CCCCC(CC)Cc1sc(-c2c3cc(-c4ccc(-c5sc(-c6ccc(C)s6)c6c5C(=O)c5c(CC(CC)CCCC)sc(CC(CC)CCCC)c5C6=O)s4)sc3c(-c3cc(F)c(CC(CC)CCCC)s3)c3cc(C)sc23)cc1F
79,CCCCCCOCCc1c(C=C2C(=O)c3cc(Cl)ccc3C2=C(C#N)C#N)sc2c3c4nn(CC(CC)CCCC)nc4c4c5sc(C=C6C(=O)c7cc(-c8ccc(-c9ccc%10c(c9)C(=O)C(=Cc9sc%11c%12c%13nn(CC(CC)CCCC)nc%13c%13c%14sc(C=C%15C(=O)c%16cc(Cl)ccc%16C%15=C(C#N)C#N)c(CCOCCCCCC)c%14n(CC(CCCC)CCCCCC)c%13c%12n(CC(CCCC)CCCCCC)c%11c9CCOCCCCCC)C%10=C(C#N)C#N)s8)ccc7C6=C(C#N)C#N)c(CCOCCCCCC)c5n(CC(CCCC)CCCCCC)c4c3n(CC(CCCC)CCCCCC)c12,CCCCC(CC)Cc1sc(-c2c3cc(-c4ccc(-c5sc(-c6ccc(C)s6)c6c5C(=O)c5c(CC(CC)CCCC)sc(CC(CC)CCCC)c5C6=O)s4)sc3c(-c3cc(F)c(CC(CC)CCCC)s3)c3cc(C)sc23)cc1F
80,CCCCCCCCCCc1c(C=C2C(=O)c3ccccc3C2=C(C#N)C#N)sc2c3c4nn(CC(CC)CCCC)nc4c4c5sc(C=C6C(=O)c7cc(-c8ccc(-c9ccc%10c(c9)C(=O)C(=Cc9sc%11c%12c%13nn(CC(CC)CCCC)nc%13c%13c%14sc(C=C%15C(=O)c%16ccccc%16C%15=C(C#N)C#N)c(CCCCCCCCCC)c%14n(CC(CC)CCCC)c%13c%12n(CC(CC)CCCC)c%11c9CCCCCCCCCC)C%10=C(C#N)C#N)s8)ccc7C6=C(C#N)C#N)c(CCCCCCCCCC)c5n(CC(CC)CCCC)c4c3n(CC(CC)CCCC)c12,CCCCC(CC)Cc1sc(-c2c3cc(-c4ccc(-c5sc(-c6ccc(C)s6)c6c5C(=O)c5c(CC(CC)CCCC)sc(CC(CC)CCCC)c5C6=O)s4)sc3c(-c3cc(F)c(CC(CC)CCCC)s3)c3cc(C)sc23)cc1F
81,CCCCCCCCCCc1c(C=C2C(=O)c3cc(-c4ccc(-c5ccc6c(c5)C(=O)C(=Cc5sc7c8c9nn(CC(CC)CCCC)nc9c9c%10sc(C=C%11C(=O)c%12cc(Cl)c(Cl)cc%12C%11=C(C#N)C#N)c(CCCCCCCCCC)c%10n(CC(CC)CCCC)c9c8n(CC(CC)CCCC)c7c5CCCCCCCCCC)C6=C(C#N)C#N)s4)ccc3C2=C(C#N)C#N)sc2c3c4nn(CC(CC)CCCC)nc4c4c5sc(C=C6C(=O)c7cc(Cl)c(Cl)cc7C6=C(C#N)C#N)c(CCCCCCCCCC)c5n(CC(CC)CCCC)c4c3n(CC(CC)CCCC)c12,CCCCC(CC)Cc1sc(-c2c3cc(-c4ccc(-c5sc(-c6ccc(C)s6)c6c5C(=O)c5c(CC(CC)CCCC)sc(CC(CC)CCCC)c5C6=O)s4)sc3c(-c3cc(F)c(CC(CC)CCCC)s3)c3cc(C)sc23)cc1F
82,CCCCCCCCCCc1c(C=C2C(=O)c3cc(-c4ccc(-c5ccc6c(c5)C(=O)C(=Cc5sc7c8c9nn(CC(CC)CCCC)nc9c9c%10sc(C=C%11C(=O)c%12cc(F)c(F)cc%12C%11=C(C#N)C#N)c(CCCCCCCCCC)c%10n(CC(CC)CCCC)c9c8n(CC(CC)CCCC)c7c5CCCCCCCCCC)C6=C(C#N)C#N)s4)ccc3C2=C(C#N)C#N)sc2c3c4nn(CC(CC)CCCC)nc4c4c5sc(C=C6C(=O)c7cc(F)c(F)cc7C6=C(C#N)C#N)c(CCCCCCCCCC)c5n(CC(CC)CCCC)c4c3n(CC(CC)CCCC)c12,CCCCC(CC)Cc1sc(-c2c3cc(-c4ccc(-c5sc(-c6ccc(C)s6)c6c5C(=O)c5c(CC(CC)CCCC)sc(CC(CC)CCCC)c5C6=O)s4)sc3c(-c3cc(F)c(CC(CC)CCCC)s3)c3cc(C)sc23)cc1F
83,CCCCCCCCCCc1c(C=C2C(=O)c3cc(F)ccc3C2=C(C#N)C#N)sc2c3c4nn(CC(CC)CCCC)nc4c4c5sc(C=C6C(=O)c7cc(-c8ccc(-c9ccc%10c(c9)C(=O)C(=Cc9sc%11c%12c%13nn(CC(CC)CCCC)nc%13c%13c%14sc(C=C%15C(=O)c%16cc(F)ccc%16C%15=C(C#N)C#N)c(CCCCCCCCCC)c%14n(CC(CC)CCCC)c%13c%12n(CC(CC)CCCC)c%11c9CCCCCCCCCC)C%10=C(C#N)C#N)s8)ccc7C6=C(C#N)C#N)c(CCCCCCCCCC)c5n(CC(CC)CCCC)c4c3n(CC(CC)CCCC)c12,CCCCC(CC)Cc1sc(-c2c3cc(-c4ccc(-c5sc(-c6ccc(C)s6)c6c5C(=O)c5c(CC(CC)CCCC)sc(CC(CC)CCCC)c5C6=O)s4)sc3c(-c3cc(F)c(CC(CC)CCCC)s3)c3cc(C)sc23)cc1F
84,CCCCCCCCCCc1c(C=C2C(=O)c3cc(Cl)ccc3C2=C(C#N)C#N)sc2c3c4nn(CC(CC)CCCC)nc4c4c5sc(C=C6C(=O)c7cc(-c8ccc(-c9ccc%10c(c9)C(=O)C(=Cc9sc%11c%12c%13nn(CC(CC)CCCC)nc%13c%13c%14sc(C=C%15C(=O)c%16cc(Cl)ccc%16C%15=C(C#N)C#N)c(CCCCCCCCCC)c%14n(CC(CC)CCCC)c%13c%12n(CC(CC)CCCC)c%11c9CCCCCCCCCC)C%10=C(C#N)C#N)s8)ccc7C6=C(C#N)C#N)c(CCCCCCCCCC)c5n(CC(CC)CCCC)c4c3n(CC(CC)CCCC)c12,CCCCC(CC)Cc1sc(-c2c3cc(-c4ccc(-c5sc(-c6ccc(C)s6)c6c5C(=O)c5c(CC(CC)CCCC)sc(CC(CC)CCCC)c5C6=O)s4)sc3c(-c3cc(F)c(CC(CC)CCCC)s3)c3cc(C)sc23)cc1F
85,CCCCCCCCCCc1c(C=C2C(=O)c3ccccc3C2=C(C#N)C#N)sc2c3c4nn(CC(CC)CCCC)nc4c4c5sc(C=C6C(=O)c7cc(-c8ccc(-c9ccc%10c(c9)C(=O)C(=Cc9sc%11c%12c%13nn(CC(CC)CCCC)nc%13c%13c%14sc(C=C%15C(=O)c%16ccccc%16C%15=C(C#N)C#N)c(CCCCCCCCCC)c%14n(CC(CCCC)CCCCCC)c%13c%12n(CC(CCCC)CCCCCC)c%11c9CCCCCCCCCC)C%10=C(C#N)C#N)s8)ccc7C6=C(C#N)C#N)c(CCCCCCCCCC)c5n(CC(CCCC)CCCCCC)c4c3n(CC(CCCC)CCCCCC)c12,CCCCC(CC)Cc1sc(-c2c3cc(-c4ccc(-c5sc(-c6ccc(C)s6)c6c5C(=O)c5c(CC(CC)CCCC)sc(CC(CC)CCCC)c5C6=O)s4)sc3c(-c3cc(F)c(CC(CC)CCCC)s3)c3cc(C)sc23)cc1F
86,CCCCCCCCCCc1c(C=C2C(=O)c3cc(-c4ccc(-c5ccc6c(c5)C(=O)C(=Cc5sc7c8c9nn(CC(CC)CCCC)nc9c9c%10sc(C=C%11C(=O)c%12cc(Cl)c(Cl)cc%12C%11=C(C#N)C#N)c(CCCCCCCCCC)c%10n(CC(CCCC)CCCCCC)c9c8n(CC(CCCC)CCCCCC)c7c5CCCCCCCCCC)C6=C(C#N)C#N)s4)ccc3C2=C(C#N)C#N)sc2c3c4nn(CC(CC)CCCC)nc4c4c5sc(C=C6C(=O)c7cc(Cl)c(Cl)cc7C6=C(C#N)C#N)c(CCCCCCCCCC)c5n(CC(CCCC)CCCCCC)c4c3n(CC(CCCC)CCCCCC)c12,CCCCC(CC)Cc1sc(-c2c3cc(-c4ccc(-c5sc(-c6ccc(C)s6)c6c5C(=O)c5c(CC(CC)CCCC)sc(CC(CC)CCCC)c5C6=O)s4)sc3c(-c3cc(F)c(CC(CC)CCCC)s3)c3cc(C)sc23)cc1F
87,CCCCCCCCCCc1c(C=C2C(=O)c3cc(-c4ccc(-c5ccc6c(c5)C(=O)C(=Cc5sc7c8c9nn(CC(CC)CCCC)nc9c9c%10sc(C=C%11C(=O)c%12cc(F)c(F)cc%12C%11=C(C#N)C#N)c(CCCCCCCCCC)c%10n(CC(CCCC)CCCCCC)c9c8n(CC(CCCC)CCCCCC)c7c5CCCCCCCCCC)C6=C(C#N)C#N)s4)ccc3C2=C(C#N)C#N)sc2c3c4nn(CC(CC)CCCC)nc4c4c5sc(C=C6C(=O)c7cc(F)c(F)cc7C6=C(C#N)C#N)c(CCCCCCCCCC)c5n(CC(CCCC)CCCCCC)c4c3n(CC(CCCC)CCCCCC)c12,CCCCC(CC)Cc1sc(-c2c3cc(-c4ccc(-c5sc(-c6ccc(C)s6)c6c5C(=O)c5c(CC(CC)CCCC)sc(CC(CC)CCCC)c5C6=O)s4)sc3c(-c3cc(F)c(CC(CC)CCCC)s3)c3cc(C)sc23)cc1F
88,CCCCCCCCCCc1c(C=C2C(=O)c3cc(F)ccc3C2=C(C#N)C#N)sc2c3c4nn(CC(CC)CCCC)nc4c4c5sc(C=C6C(=O)c7cc(-c8ccc(-c9ccc%10c(c9)C(=O)C(=Cc9sc%11c%12c%13nn(CC(CC)CCCC)nc%13c%13c%14sc(C=C%15C(=O)c%16cc(F)ccc%16C%15=C(C#N)C#N)c(CCCCCCCCCC)c%14n(CC(CCCC)CCCCCC)c%13c%12n(CC(CCCC)CCCCCC)c%11c9CCCCCCCCCC)C%10=C(C#N)C#N)s8)ccc7C6=C(C#N)C#N)c(CCCCCCCCCC)c5n(CC(CCCC)CCCCCC)c4c3n(CC(CCCC)CCCCCC)c12,CCCCC(CC)Cc1sc(-c2c3cc(-c4ccc(-c5sc(-c6ccc(C)s6)c6c5C(=O)c5c(CC(CC)CCCC)sc(CC(CC)CCCC)c5C6=O)s4)sc3c(-c3cc(F)c(CC(CC)CCCC)s3)c3cc(C)sc23)cc1F
89,CCCCCCCCCCc1c(C=C2C(=O)c3cc(Cl)ccc3C2=C(C#N)C#N)sc2c3c4nn(CC(CC)CCCC)nc4c4c5sc(C=C6C(=O)c7cc(-c8ccc(-c9ccc%10c(c9)C(=O)C(=Cc9sc%11c%12c%13nn(CC(CC)CCCC)nc%13c%13c%14sc(C=C%15C(=O)c%16cc(Cl)ccc%16C%15=C(C#N)C#N)c(CCCCCCCCCC)c%14n(CC(CCCC)CCCCCC)c%13c%12n(CC(CCCC)CCCCCC)c%11c9CCCCCCCCCC)C%10=C(C#N)C#N)s8)ccc7C6=C(C#N)C#N)c(CCCCCCCCCC)c5n(CC(CCCC)CCCCCC)c4c3n(CC(CCCC)CCCCCC)c12,CCCCC(CC)Cc1sc(-c2c3cc(-c4ccc(-c5sc(-c6ccc(C)s6)c6c5C(=O)c5c(CC(CC)CCCC)sc(CC(CC)CCCC)c5C6=O)s4)sc3c(-c3cc(F)c(CC(CC)CCCC)s3)c3cc(C)sc23)cc1F
90,CCCCCCc1ccc(C2(c3ccc(CCCCCC)cc3)c3cc4c(cc3-c3sc(C=C5C(=O)c6ccccc6C5=C(C#N)C#N)cc32)C(c2ccc(CCCCCC)cc2)(c2ccc(CCCCCC)cc2)c2cc(C=C3C(=O)c5cc(-c6ccc(-c7ccc8c(c7)C(=O)C(=Cc7cc9c(s7)-c7cc%10c(cc7C9(c7ccc(CCCCCC)cc7)c7ccc(CCCCCC)cc7)-c7sc(C=C9C(=O)c%11ccccc%11C9=C(C#N)C#N)cc7C%10(c7ccc(CCCCCC)cc7)c7ccc(CCCCCC)cc7)C8=C(C#N)C#N)s6)ccc5C3=C(C#N)C#N)sc2-4)cc1,CCCCC(CC)Cc1sc(-c2c3cc(-c4ccc(-c5sc(-c6ccc(C)s6)c6c5C(=O)c5c(CC(CC)CCCC)sc(CC(CC)CCCC)c5C6=O)s4)sc3c(-c3cc(F)c(CC(CC)CCCC)s3)c3cc(C)sc23)cc1F
91,CCCCCCc1ccc(C2(c3ccc(CCCCCC)cc3)c3cc4c(cc3-c3sc(C=C5C(=O)c6cc(-c7ccc(-c8ccc9c(c8)C(=O)C(=Cc8cc%10c(s8)-c8cc%11c(cc8C%10(c8ccc(CCCCCC)cc8)c8ccc(CCCCCC)cc8)-c8sc(C=C%10C(=O)c%12cc(Cl)c(Cl)cc%12C%10=C(C#N)C#N)cc8C%11(c8ccc(CCCCCC)cc8)c8ccc(CCCCCC)cc8)C9=C(C#N)C#N)s7)ccc6C5=C(C#N)C#N)cc32)C(c2ccc(CCCCCC)cc2)(c2ccc(CCCCCC)cc2)c2cc(C=C3C(=O)c5cc(Cl)c(Cl)cc5C3=C(C#N)C#N)sc2-4)cc1,CCCCC(CC)Cc1sc(-c2c3cc(-c4ccc(-c5sc(-c6ccc(C)s6)c6c5C(=O)c5c(CC(CC)CCCC)sc(CC(CC)CCCC)c5C6=O)s4)sc3c(-c3cc(F)c(CC(CC)CCCC)s3)c3cc(C)sc23)cc1F
92,CCCCCCc1ccc(C2(c3ccc(CCCCCC)cc3)c3cc4c(cc3-c3sc(C=C5C(=O)c6cc(-c7ccc(-c8ccc9c(c8)C(=O)C(=Cc8cc%10c(s8)-c8cc%11c(cc8C%10(c8ccc(CCCCCC)cc8)c8ccc(CCCCCC)cc8)-c8sc(C=C%10C(=O)c%12cc(F)c(F)cc%12C%10=C(C#N)C#N)cc8C%11(c8ccc(CCCCCC)cc8)c8ccc(CCCCCC)cc8)C9=C(C#N)C#N)s7)ccc6C5=C(C#N)C#N)cc32)C(c2ccc(CCCCCC)cc2)(c2ccc(CCCCCC)cc2)c2cc(C=C3C(=O)c5cc(F)c(F)cc5C3=C(C#N)C#N)sc2-4)cc1,CCCCC(CC)Cc1sc(-c2c3cc(-c4ccc(-c5sc(-c6ccc(C)s6)c6c5C(=O)c5c(CC(CC)CCCC)sc(CC(CC)CCCC)c5C6=O)s4)sc3c(-c3cc(F)c(CC(CC)CCCC)s3)c3cc(C)sc23)cc1F
93,CCCCCCc1ccc(C2(c3ccc(CCCCCC)cc3)c3cc4c(cc3-c3sc(C=C5C(=O)c6cc(F)ccc6C5=C(C#N)C#N)cc32)C(c2ccc(CCCCCC)cc2)(c2ccc(CCCCCC)cc2)c2cc(C=C3C(=O)c5cc(-c6ccc(-c7ccc8c(c7)C(=O)C(=Cc7cc9c(s7)-c7cc%10c(cc7C9(c7ccc(CCCCCC)cc7)c7ccc(CCCCCC)cc7)-c7sc(C=C9C(=O)c%11cc(F)ccc%11C9=C(C#N)C#N)cc7C%10(c7ccc(CCCCCC)cc7)c7ccc(CCCCCC)cc7)C8=C(C#N)C#N)s6)ccc5C3=C(C#N)C#N)sc2-4)cc1,CCCCC(CC)Cc1sc(-c2c3cc(-c4ccc(-c5sc(-c6ccc(C)s6)c6c5C(=O)c5c(CC(CC)CCCC)sc(CC(CC)CCCC)c5C6=O)s4)sc3c(-c3cc(F)c(CC(CC)CCCC)s3)c3cc(C)sc23)cc1F
94,CCCCCCc1ccc(C2(c3ccc(CCCCCC)cc3)c3cc4c(cc3-c3sc(C=C5C(=O)c6cc(Cl)ccc6C5=C(C#N)C#N)cc32)C(c2ccc(CCCCCC)cc2)(c2ccc(CCCCCC)cc2)c2cc(C=C3C(=O)c5cc(-c6ccc(-c7ccc8c(c7)C(=O)C(=Cc7cc9c(s7)-c7cc%10c(cc7C9(c7ccc(CCCCCC)cc7)c7ccc(CCCCCC)cc7)-c7sc(C=C9C(=O)c%11cc(Cl)ccc%11C9=C(C#N)C#N)cc7C%10(c7ccc(CCCCCC)cc7)c7ccc(CCCCCC)cc7)C8=C(C#N)C#N)s6)ccc5C3=C(C#N)C#N)sc2-4)cc1,CCCCC(CC)Cc1sc(-c2c3cc(-c4ccc(-c5sc(-c6ccc(C)s6)c6c5C(=O)c5c(CC(CC)CCCC)sc(CC(CC)CCCC)c5C6=O)s4)sc3c(-c3cc(F)c(CC(CC)CCCC)s3)c3cc(C)sc23)cc1F
95,CCCCCCCCCCCc1c(C=C2C(=O)c3ccccc3C2=C(C#N)C#N)sc2c1sc1c3c4n[se]nc4c4c5sc6c(CCCCCCCCCCC)c(C=C7C(=O)c8cc(-c9ccc(-c%10ccc%11c(c%10)C(=O)C(=Cc%10sc%12c(sc%13c%14c%15n[se]nc%15c%15c%16sc%17c(CCCCCCCCCCC)c(C=C%18C(=O)c%19ccccc%19C%18=C(C#N)C#N)sc%17c%16n(CC(CCCCCCCC)CCCCCCCCCC)c%15c%14n(CC(CCCCCCCC)CCCCCCCCCC)c%12%13)c%10CCCCCCCCCCC)C%11=C(C#N)C#N)s9)ccc8C7=C(C#N)C#N)sc6c5n(CC(CCCCCCCC)CCCCCCCCCC)c4c3n(CC(CCCCCCCC)CCCCCCCCCC)c21,CCCCC(CC)Cc1sc(-c2c3cc(-c4ccc(-c5sc(-c6ccc(C)s6)c6c5C(=O)c5c(CC(CC)CCCC)sc(CC(CC)CCCC)c5C6=O)s4)sc3c(-c3cc(F)c(CC(CC)CCCC)s3)c3cc(C)sc23)cc1F
96,CCCCCCCCCCCc1c(C=C2C(=O)c3cc(-c4ccc(-c5ccc6c(c5)C(=O)C(=Cc5sc7c(sc8c9c%10n[se]nc%10c%10c%11sc%12c(CCCCCCCCCCC)c(C=C%13C(=O)c%14cc(Cl)c(Cl)cc%14C%13=C(C#N)C#N)sc%12c%11n(CC(CCCCCCCC)CCCCCCCCCC)c%10c9n(CC(CCCCCCCC)CCCCCCCCCC)c78)c5CCCCCCCCCCC)C6=C(C#N)C#N)s4)ccc3C2=C(C#N)C#N)sc2c1sc1c3c4n[se]nc4c4c5sc6c(CCCCCCCCCCC)c(C=C7C(=O)c8cc(Cl)c(Cl)cc8C7=C(C#N)C#N)sc6c5n(CC(CCCCCCCC)CCCCCCCCCC)c4c3n(CC(CCCCCCCC)CCCCCCCCCC)c21,CCCCC(CC)Cc1sc(-c2c3cc(-c4ccc(-c5sc(-c6ccc(C)s6)c6c5C(=O)c5c(CC(CC)CCCC)sc(CC(CC)CCCC)c5C6=O)s4)sc3c(-c3cc(F)c(CC(CC)CCCC)s3)c3cc(C)sc23)cc1F
97,CCCCCCCCCCCc1c(C=C2C(=O)c3cc(-c4ccc(-c5ccc6c(c5)C(=O)C(=Cc5sc7c(sc8c9c%10n[se]nc%10c%10c%11sc%12c(CCCCCCCCCCC)c(C=C%13C(=O)c%14cc(F)c(F)cc%14C%13=C(C#N)C#N)sc%12c%11n(CC(CCCCCCCC)CCCCCCCCCC)c%10c9n(CC(CCCCCCCC)CCCCCCCCCC)c78)c5CCCCCCCCCCC)C6=C(C#N)C#N)s4)ccc3C2=C(C#N)C#N)sc2c1sc1c3c4n[se]nc4c4c5sc6c(CCCCCCCCCCC)c(C=C7C(=O)c8cc(F)c(F)cc8C7=C(C#N)C#N)sc6c5n(CC(CCCCCCCC)CCCCCCCCCC)c4c3n(CC(CCCCCCCC)CCCCCCCCCC)c21,CCCCC(CC)Cc1sc(-c2c3cc(-c4ccc(-c5sc(-c6ccc(C)s6)c6c5C(=O)c5c(CC(CC)CCCC)sc(CC(CC)CCCC)c5C6=O)s4)sc3c(-c3cc(F)c(CC(CC)CCCC)s3)c3cc(C)sc23)cc1F
98,CCCCCCCCCCCc1c(C=C2C(=O)c3cc(F)ccc3C2=C(C#N)C#N)sc2c1sc1c3c4n[se]nc4c4c5sc6c(CCCCCCCCCCC)c(C=C7C(=O)c8cc(-c9ccc(-c%10ccc%11c(c%10)C(=O)C(=Cc%10sc%12c(sc%13c%14c%15n[se]nc%15c%15c%16sc%17c(CCCCCCCCCCC)c(C=C%18C(=O)c%19cc(F)ccc%19C%18=C(C#N)C#N)sc%17c%16n(CC(CCCCCCCC)CCCCCCCCCC)c%15c%14n(CC(CCCCCCCC)CCCCCCCCCC)c%12%13)c%10CCCCCCCCCCC)C%11=C(C#N)C#N)s9)ccc8C7=C(C#N)C#N)sc6c5n(CC(CCCCCCCC)CCCCCCCCCC)c4c3n(CC(CCCCCCCC)CCCCCCCCCC)c21,CCCCC(CC)Cc1sc(-c2c3cc(-c4ccc(-c5sc(-c6ccc(C)s6)c6c5C(=O)c5c(CC(CC)CCCC)sc(CC(CC)CCCC)c5C6=O)s4)sc3c(-c3cc(F)c(CC(CC)CCCC)s3)c3cc(C)sc23)cc1F
99,CCCCCCCCCCCc1c(C=C2C(=O)c3cc(Cl)ccc3C2=C(C#N)C#N)sc2c1sc1c3c4n[se]nc4c4c5sc6c(CCCCCCCCCCC)c(C=C7C(=O)c8cc(-c9ccc(-c%10ccc%11c(c%10)C(=O)C(=Cc%10sc%12c(sc%13c%14c%15n[se]nc%15c%15c%16sc%17c(CCCCCCCCCCC)c(C=C%18C(=O)c%19cc(Cl)ccc%19C%18=C(C#N)C#N)sc%17c%16n(CC(CCCCCCCC)CCCCCCCCCC)c%15c%14n(CC(CCCCCCCC)CCCCCCCCCC)c%12%13)c%10CCCCCCCCCCC)C%11=C(C#N)C#N)s9)ccc8C7=C(C#N)C#N)sc6c5n(CC(CCCCCCCC)CCCCCCCCCC)c4c3n(CC(CCCCCCCC)CCCCCCCCCC)c21,CCCCC(CC)Cc1sc(-c2c3cc(-c4ccc(-c5sc(-c6ccc(C)s6)c6c5C(=O)c5c(CC(CC)CCCC)sc(CC(CC)CCCC)c5C6=O)s4)sc3c(-c3cc(F)c(CC(CC)CCCC)s3)c3cc(C)sc23)cc1F
100,CCCCCCCCCCCc1c(C=C2C(=O)c3ccccc3C2=C(C#N)C#N)sc2c1sc1c3c4nsnc4c4c5sc6c(CCCCCCCCCCC)c(C=C7C(=O)c8cc(-c9ccc(-c%10ccc%11c(c%10)C(=O)C(=Cc%10sc%12c(sc%13c%14c%15nsnc%15c%15c%16sc%17c(CCCCCCCCCCC)c(C=C%18C(=O)c%19ccccc%19C%18=C(C#N)C#N)sc%17c%16n(CC(CCCCCCCC)CCCCCCCCCC)c%15c%14n(CC(CCCCCCCC)CCCCCCCCCC)c%12%13)c%10CCCCCCCCCCC)C%11=C(C#N)C#N)s9)ccc8C7=C(C#N)C#N)sc6c5n(CC(CCCCCCCC)CCCCCCCCCC)c4c3n(CC(CCCCCCCC)CCCCCCCCCC)c21,CCCCC(CC)Cc1sc(-c2c3cc(-c4ccc(-c5sc(-c6ccc(C)s6)c6c5C(=O)c5c(CC(CC)CCCC)sc(CC(CC)CCCC)c5C6=O)s4)sc3c(-c3cc(F)c(CC(CC)CCCC)s3)c3cc(C)sc23)cc1F
101,CCCCCCCCCCCc1c(C=C2C(=O)c3cc(-c4ccc(-c5ccc6c(c5)C(=O)C(=Cc5sc7c(sc8c9c%10nsnc%10c%10c%11sc%12c(CCCCCCCCCCC)c(C=C%13C(=O)c%14cc(Cl)c(Cl)cc%14C%13=C(C#N)C#N)sc%12c%11n(CC(CCCCCCCC)CCCCCCCCCC)c%10c9n(CC(CCCCCCCC)CCCCCCCCCC)c78)c5CCCCCCCCCCC)C6=C(C#N)C#N)s4)ccc3C2=C(C#N)C#N)sc2c1sc1c3c4nsnc4c4c5sc6c(CCCCCCCCCCC)c(C=C7C(=O)c8cc(Cl)c(Cl)cc8C7=C(C#N)C#N)sc6c5n(CC(CCCCCCCC)CCCCCCCCCC)c4c3n(CC(CCCCCCCC)CCCCCCCCCC)c21,CCCCC(CC)Cc1sc(-c2c3cc(-c4ccc(-c5sc(-c6ccc(C)s6)c6c5C(=O)c5c(CC(CC)CCCC)sc(CC(CC)CCCC)c5C6=O)s4)sc3c(-c3cc(F)c(CC(CC)CCCC)s3)c3cc(C)sc23)cc1F
102,CCCCCCCCCCCc1c(C=C2C(=O)c3cc(-c4ccc(-c5ccc6c(c5)C(=O)C(=Cc5sc7c(sc8c9c%10nsnc%10c%10c%11sc%12c(CCCCCCCCCCC)c(C=C%13C(=O)c%14cc(F)c(F)cc%14C%13=C(C#N)C#N)sc%12c%11n(CC(CCCCCCCC)CCCCCCCCCC)c%10c9n(CC(CCCCCCCC)CCCCCCCCCC)c78)c5CCCCCCCCCCC)C6=C(C#N)C#N)s4)ccc3C2=C(C#N)C#N)sc2c1sc1c3c4nsnc4c4c5sc6c(CCCCCCCCCCC)c(C=C7C(=O)c8cc(F)c(F)cc8C7=C(C#N)C#N)sc6c5n(CC(CCCCCCCC)CCCCCCCCCC)c4c3n(CC(CCCCCCCC)CCCCCCCCCC)c21,CCCCC(CC)Cc1sc(-c2c3cc(-c4ccc(-c5sc(-c6ccc(C)s6)c6c5C(=O)c5c(CC(CC)CCCC)sc(CC(CC)CCCC)c5C6=O)s4)sc3c(-c3cc(F)c(CC(CC)CCCC)s3)c3cc(C)sc23)cc1F
103,CCCCCCCCCCCc1c(C=C2C(=O)c3cc(F)ccc3C2=C(C#N)C#N)sc2c1sc1c3c4nsnc4c4c5sc6c(CCCCCCCCCCC)c(C=C7C(=O)c8cc(-c9ccc(-c%10ccc%11c(c%10)C(=O)C(=Cc%10sc%12c(sc%13c%14c%15nsnc%15c%15c%16sc%17c(CCCCCCCCCCC)c(C=C%18C(=O)c%19cc(F)ccc%19C%18=C(C#N)C#N)sc%17c%16n(CC(CCCCCCCC)CCCCCCCCCC)c%15c%14n(CC(CCCCCCCC)CCCCCCCCCC)c%12%13)c%10CCCCCCCCCCC)C%11=C(C#N)C#N)s9)ccc8C7=C(C#N)C#N)sc6c5n(CC(CCCCCCCC)CCCCCCCCCC)c4c3n(CC(CCCCCCCC)CCCCCCCCCC)c21,CCCCC(CC)Cc1sc(-c2c3cc(-c4ccc(-c5sc(-c6ccc(C)s6)c6c5C(=O)c5c(CC(CC)CCCC)sc(CC(CC)CCCC)c5C6=O)s4)sc3c(-c3cc(F)c(CC(CC)CCCC)s3)c3cc(C)sc23)cc1F
104,CCCCCCCCCCCc1c(C=C2C(=O)c3cc(Cl)ccc3C2=C(C#N)C#N)sc2c1sc1c3c4nsnc4c4c5sc6c(CCCCCCCCCCC)c(C=C7C(=O)c8cc(-c9ccc(-c%10ccc%11c(c%10)C(=O)C(=Cc%10sc%12c(sc%13c%14c%15nsnc%15c%15c%16sc%17c(CCCCCCCCCCC)c(C=C%18C(=O)c%19cc(Cl)ccc%19C%18=C(C#N)C#N)sc%17c%16n(CC(CCCCCCCC)CCCCCCCCCC)c%15c%14n(CC(CCCCCCCC)CCCCCCCCCC)c%12%13)c%10CCCCCCCCCCC)C%11=C(C#N)C#N)s9)ccc8C7=C(C#N)C#N)sc6c5n(CC(CCCCCCCC)CCCCCCCCCC)c4c3n(CC(CCCCCCCC)CCCCCCCCCC)c21,CCCCC(CC)Cc1sc(-c2c3cc(-c4ccc(-c5sc(-c6ccc(C)s6)c6c5C(=O)c5c(CC(CC)CCCC)sc(CC(CC)CCCC)c5C6=O)s4)sc3c(-c3cc(F)c(CC(CC)CCCC)s3)c3cc(C)sc23)cc1F
105,CCCCCCCCCCCc1c(C=C2C(=O)c3ccccc3C2=C(C#N)C#N)sc2c1sc1c3c4nsnc4c4c5sc6c(CCCCCCCCCCC)c(C=C7C(=O)c8cc(-c9ccc(-c%10ccc%11c(c%10)C(=O)C(=Cc%10sc%12c(sc%13c%14c%15nsnc%15c%15c%16sc%17c(CCCCCCCCCCC)c(C=C%18C(=O)c%19ccccc%19C%18=C(C#N)C#N)sc%17c%16n(CC(CCCCCC)CCCCCCCC)c%15c%14n(CC(CCCCCC)CCCCCCCC)c%12%13)c%10CCCCCCCCCCC)C%11=C(C#N)C#N)s9)ccc8C7=C(C#N)C#N)sc6c5n(CC(CCCCCC)CCCCCCCC)c4c3n(CC(CCCCCC)CCCCCCCC)c21,CCCCC(CC)Cc1sc(-c2c3cc(-c4ccc(-c5sc(-c6ccc(C)s6)c6c5C(=O)c5c(CC(CC)CCCC)sc(CC(CC)CCCC)c5C6=O)s4)sc3c(-c3cc(F)c(CC(CC)CCCC)s3)c3cc(C)sc23)cc1F
106,CCCCCCCCCCCc1c(C=C2C(=O)c3cc(-c4ccc(-c5ccc6c(c5)C(=O)C(=Cc5sc7c(sc8c9c%10nsnc%10c%10c%11sc%12c(CCCCCCCCCCC)c(C=C%13C(=O)c%14cc(Cl)c(Cl)cc%14C%13=C(C#N)C#N)sc%12c%11n(CC(CCCCCC)CCCCCCCC)c%10c9n(CC(CCCCCC)CCCCCCCC)c78)c5CCCCCCCCCCC)C6=C(C#N)C#N)s4)ccc3C2=C(C#N)C#N)sc2c1sc1c3c4nsnc4c4c5sc6c(CCCCCCCCCCC)c(C=C7C(=O)c8cc(Cl)c(Cl)cc8C7=C(C#N)C#N)sc6c5n(CC(CCCCCC)CCCCCCCC)c4c3n(CC(CCCCCC)CCCCCCCC)c21,CCCCC(CC)Cc1sc(-c2c3cc(-c4ccc(-c5sc(-c6ccc(C)s6)c6c5C(=O)c5c(CC(CC)CCCC)sc(CC(CC)CCCC)c5C6=O)s4)sc3c(-c3cc(F)c(CC(CC)CCCC)s3)c3cc(C)sc23)cc1F
107,CCCCCCCCCCCc1c(C=C2C(=O)c3cc(-c4ccc(-c5ccc6c(c5)C(=O)C(=Cc5sc7c(sc8c9c%10nsnc%10c%10c%11sc%12c(CCCCCCCCCCC)c(C=C%13C(=O)c%14cc(F)c(F)cc%14C%13=C(C#N)C#N)sc%12c%11n(CC(CCCCCC)CCCCCCCC)c%10c9n(CC(CCCCCC)CCCCCCCC)c78)c5CCCCCCCCCCC)C6=C(C#N)C#N)s4)ccc3C2=C(C#N)C#N)sc2c1sc1c3c4nsnc4c4c5sc6c(CCCCCCCCCCC)c(C=C7C(=O)c8cc(F)c(F)cc8C7=C(C#N)C#N)sc6c5n(CC(CCCCCC)CCCCCCCC)c4c3n(CC(CCCCCC)CCCCCCCC)c21,CCCCC(CC)Cc1sc(-c2c3cc(-c4ccc(-c5sc(-c6ccc(C)s6)c6c5C(=O)c5c(CC(CC)CCCC)sc(CC(CC)CCCC)c5C6=O)s4)sc3c(-c3cc(F)c(CC(CC)CCCC)s3)c3cc(C)sc23)cc1F
108,CCCCCCCCCCCc1c(C=C2C(=O)c3cc(F)ccc3C2=C(C#N)C#N)sc2c1sc1c3c4nsnc4c4c5sc6c(CCCCCCCCCCC)c(C=C7C(=O)c8cc(-c9ccc(-c%10ccc%11c(c%10)C(=O)C(=Cc%10sc%12c(sc%13c%14c%15nsnc%15c%15c%16sc%17c(CCCCCCCCCCC)c(C=C%18C(=O)c%19cc(F)ccc%19C%18=C(C#N)C#N)sc%17c%16n(CC(CCCCCC)CCCCCCCC)c%15c%14n(CC(CCCCCC)CCCCCCCC)c%12%13)c%10CCCCCCCCCCC)C%11=C(C#N)C#N)s9)ccc8C7=C(C#N)C#N)sc6c5n(CC(CCCCCC)CCCCCCCC)c4c3n(CC(CCCCCC)CCCCCCCC)c21,CCCCC(CC)Cc1sc(-c2c3cc(-c4ccc(-c5sc(-c6ccc(C)s6)c6c5C(=O)c5c(CC(CC)CCCC)sc(CC(CC)CCCC)c5C6=O)s4)sc3c(-c3cc(F)c(CC(CC)CCCC)s3)c3cc(C)sc23)cc1F
109,CCCCCCCCCCCc1c(C=C2C(=O)c3cc(Cl)ccc3C2=C(C#N)C#N)sc2c1sc1c3c4nsnc4c4c5sc6c(CCCCCCCCCCC)c(C=C7C(=O)c8cc(-c9ccc(-c%10ccc%11c(c%10)C(=O)C(=Cc%10sc%12c(sc%13c%14c%15nsnc%15c%15c%16sc%17c(CCCCCCCCCCC)c(C=C%18C(=O)c%19cc(Cl)ccc%19C%18=C(C#N)C#N)sc%17c%16n(CC(CCCCCC)CCCCCCCC)c%15c%14n(CC(CCCCCC)CCCCCCCC)c%12%13)c%10CCCCCCCCCCC)C%11=C(C#N)C#N)s9)ccc8C7=C(C#N)C#N)sc6c5n(CC(CCCCCC)CCCCCCCC)c4c3n(CC(CCCCCC)CCCCCCCC)c21,CCCCC(CC)Cc1sc(-c2c3cc(-c4ccc(-c5sc(-c6ccc(C)s6)c6c5C(=O)c5c(CC(CC)CCCC)sc(CC(CC)CCCC)c5C6=O)s4)sc3c(-c3cc(F)c(CC(CC)CCCC)s3)c3cc(C)sc23)cc1F
110,CCCCCCCCCCCc1c(C=C2C(=O)c3ccccc3C2=C(C#N)C#N)sc2c1sc1c3c4n[se]nc4c4c5sc6c(CCCCCCCCCCC)c(C=C7C(=O)c8cc(-c9ccc(-c%10ccc%11c(c%10)C(=O)C(=Cc%10sc%12c(sc%13c%14c%15n[se]nc%15c%15c%16sc%17c(CCCCCCCCCCC)c(C=C%18C(=O)c%19ccccc%19C%18=C(C#N)C#N)sc%17c%16n(CC(CCCCCC)CCCCCCCC)c%15c%14n(CC(CCCCCC)CCCCCCCC)c%12%13)c%10CCCCCCCCCCC)C%11=C(C#N)C#N)s9)ccc8C7=C(C#N)C#N)sc6c5n(CC(CCCCCC)CCCCCCCC)c4c3n(CC(CCCCCC)CCCCCCCC)c21,CCCCC(CC)Cc1sc(-c2c3cc(-c4ccc(-c5sc(-c6ccc(C)s6)c6c5C(=O)c5c(CC(CC)CCCC)sc(CC(CC)CCCC)c5C6=O)s4)sc3c(-c3cc(F)c(CC(CC)CCCC)s3)c3cc(C)sc23)cc1F
111,CCCCCCCCCCCc1c(C=C2C(=O)c3cc(-c4ccc(-c5ccc6c(c5)C(=O)C(=Cc5sc7c(sc8c9c%10n[se]nc%10c%10c%11sc%12c(CCCCCCCCCCC)c(C=C%13C(=O)c%14cc(Cl)c(Cl)cc%14C%13=C(C#N)C#N)sc%12c%11n(CC(CCCCCC)CCCCCCCC)c%10c9n(CC(CCCCCC)CCCCCCCC)c78)c5CCCCCCCCCCC)C6=C(C#N)C#N)s4)ccc3C2=C(C#N)C#N)sc2c1sc1c3c4n[se]nc4c4c5sc6c(CCCCCCCCCCC)c(C=C7C(=O)c8cc(Cl)c(Cl)cc8C7=C(C#N)C#N)sc6c5n(CC(CCCCCC)CCCCCCCC)c4c3n(CC(CCCCCC)CCCCCCCC)c21,CCCCC(CC)Cc1sc(-c2c3cc(-c4ccc(-c5sc(-c6ccc(C)s6)c6c5C(=O)c5c(CC(CC)CCCC)sc(CC(CC)CCCC)c5C6=O)s4)sc3c(-c3cc(F)c(CC(CC)CCCC)s3)c3cc(C)sc23)cc1F
112,CCCCCCCCCCCc1c(C=C2C(=O)c3cc(-c4ccc(-c5ccc6c(c5)C(=O)C(=Cc5sc7c(sc8c9c%10n[se]nc%10c%10c%11sc%12c(CCCCCCCCCCC)c(C=C%13C(=O)c%14cc(F)c(F)cc%14C%13=C(C#N)C#N)sc%12c%11n(CC(CCCCCC)CCCCCCCC)c%10c9n(CC(CCCCCC)CCCCCCCC)c78)c5CCCCCCCCCCC)C6=C(C#N)C#N)s4)ccc3C2=C(C#N)C#N)sc2c1sc1c3c4n[se]nc4c4c5sc6c(CCCCCCCCCCC)c(C=C7C(=O)c8cc(F)c(F)cc8C7=C(C#N)C#N)sc6c5n(CC(CCCCCC)CCCCCCCC)c4c3n(CC(CCCCCC)CCCCCCCC)c21,CCCCC(CC)Cc1sc(-c2c3cc(-c4ccc(-c5sc(-c6ccc(C)s6)c6c5C(=O)c5c(CC(CC)CCCC)sc(CC(CC)CCCC)c5C6=O)s4)sc3c(-c3cc(F)c(CC(CC)CCCC)s3)c3cc(C)sc23)cc1F
113,CCCCCCCCCCCc1c(C=C2C(=O)c3cc(F)ccc3C2=C(C#N)C#N)sc2c1sc1c3c4n[se]nc4c4c5sc6c(CCCCCCCCCCC)c(C=C7C(=O)c8cc(-c9ccc(-c%10ccc%11c(c%10)C(=O)C(=Cc%10sc%12c(sc%13c%14c%15n[se]nc%15c%15c%16sc%17c(CCCCCCCCCCC)c(C=C%18C(=O)c%19cc(F)ccc%19C%18=C(C#N)C#N)sc%17c%16n(CC(CCCCCC)CCCCCCCC)c%15c%14n(CC(CCCCCC)CCCCCCCC)c%12%13)c%10CCCCCCCCCCC)C%11=C(C#N)C#N)s9)ccc8C7=C(C#N)C#N)sc6c5n(CC(CCCCCC)CCCCCCCC)c4c3n(CC(CCCCCC)CCCCCCCC)c21,CCCCC(CC)Cc1sc(-c2c3cc(-c4ccc(-c5sc(-c6ccc(C)s6)c6c5C(=O)c5c(CC(CC)CCCC)sc(CC(CC)CCCC)c5C6=O)s4)sc3c(-c3cc(F)c(CC(CC)CCCC)s3)c3cc(C)sc23)cc1F
114,CCCCCCCCCCCc1c(C=C2C(=O)c3cc(Cl)ccc3C2=C(C#N)C#N)sc2c1sc1c3c4n[se]nc4c4c5sc6c(CCCCCCCCCCC)c(C=C7C(=O)c8cc(-c9ccc(-c%10ccc%11c(c%10)C(=O)C(=Cc%10sc%12c(sc%13c%14c%15n[se]nc%15c%15c%16sc%17c(CCCCCCCCCCC)c(C=C%18C(=O)c%19cc(Cl)ccc%19C%18=C(C#N)C#N)sc%17c%16n(CC(CCCCCC)CCCCCCCC)c%15c%14n(CC(CCCCCC)CCCCCCCC)c%12%13)c%10CCCCCCCCCCC)C%11=C(C#N)C#N)s9)ccc8C7=C(C#N)C#N)sc6c5n(CC(CCCCCC)CCCCCCCC)c4c3n(CC(CCCCCC)CCCCCCCC)c21,CCCCC(CC)Cc1sc(-c2c3cc(-c4ccc(-c5sc(-c6ccc(C)s6)c6c5C(=O)c5c(CC(CC)CCCC)sc(CC(CC)CCCC)c5C6=O)s4)sc3c(-c3cc(F)c(CC(CC)CCCC)s3)c3cc(C)sc23)cc1F
115,CCCCCCc1ccc(C2(c3ccc(CCCCCC)cc3)c3cc4c(cc3-c3sc5cc(C=C6C(=O)c7ccccc7C6=C(C#N)C#N)sc5c32)C(c2ccc(CCCCCC)cc2)(c2ccc(CCCCCC)cc2)c2c-4sc3cc(C=C4C(=O)c5cc(-c6ccc(-c7ccc8c(c7)C(=O)C(=Cc7cc9sc%10c(c9s7)C(c7ccc(CCCCCC)cc7)(c7ccc(CCCCCC)cc7)c7cc9c(cc7-%10)C(c7ccc(CCCCCC)cc7)(c7ccc(CCCCCC)cc7)c7c-9sc9cc(C=C%10C(=O)c%11ccccc%11C%10=C(C#N)C#N)sc79)C8=C(C#N)C#N)s6)ccc5C4=C(C#N)C#N)sc23)cc1,CCCCC(CC)Cc1sc(-c2c3cc(-c4ccc(-c5sc(-c6ccc(C)s6)c6c5C(=O)c5c(CC(CC)CCCC)sc(CC(CC)CCCC)c5C6=O)s4)sc3c(-c3cc(F)c(CC(CC)CCCC)s3)c3cc(C)sc23)cc1F
116,CCCCCCc1ccc(C2(c3ccc(CCCCCC)cc3)c3cc4c(cc3-c3sc5cc(C=C6C(=O)c7cc(-c8ccc(-c9ccc%10c(c9)C(=O)C(=Cc9cc%11sc%12c(c%11s9)C(c9ccc(CCCCCC)cc9)(c9ccc(CCCCCC)cc9)c9cc%11c(cc9-%12)C(c9ccc(CCCCCC)cc9)(c9ccc(CCCCCC)cc9)c9c-%11sc%11cc(C=C%12C(=O)c%13cc(Cl)c(Cl)cc%13C%12=C(C#N)C#N)sc9%11)C%10=C(C#N)C#N)s8)ccc7C6=C(C#N)C#N)sc5c32)C(c2ccc(CCCCCC)cc2)(c2ccc(CCCCCC)cc2)c2c-4sc3cc(C=C4C(=O)c5cc(Cl)c(Cl)cc5C4=C(C#N)C#N)sc23)cc1,CCCCC(CC)Cc1sc(-c2c3cc(-c4ccc(-c5sc(-c6ccc(C)s6)c6c5C(=O)c5c(CC(CC)CCCC)sc(CC(CC)CCCC)c5C6=O)s4)sc3c(-c3cc(F)c(CC(CC)CCCC)s3)c3cc(C)sc23)cc1F
117,CCCCCCc1ccc(C2(c3ccc(CCCCCC)cc3)c3cc4c(cc3-c3sc5cc(C=C6C(=O)c7cc(-c8ccc(-c9ccc%10c(c9)C(=O)C(=Cc9cc%11sc%12c(c%11s9)C(c9ccc(CCCCCC)cc9)(c9ccc(CCCCCC)cc9)c9cc%11c(cc9-%12)C(c9ccc(CCCCCC)cc9)(c9ccc(CCCCCC)cc9)c9c-%11sc%11cc(C=C%12C(=O)c%13cc(F)c(F)cc%13C%12=C(C#N)C#N)sc9%11)C%10=C(C#N)C#N)s8)ccc7C6=C(C#N)C#N)sc5c32)C(c2ccc(CCCCCC)cc2)(c2ccc(CCCCCC)cc2)c2c-4sc3cc(C=C4C(=O)c5cc(F)c(F)cc5C4=C(C#N)C#N)sc23)cc1,CCCCC(CC)Cc1sc(-c2c3cc(-c4ccc(-c5sc(-c6ccc(C)s6)c6c5C(=O)c5c(CC(CC)CCCC)sc(CC(CC)CCCC)c5C6=O)s4)sc3c(-c3cc(F)c(CC(CC)CCCC)s3)c3cc(C)sc23)cc1F
118,CCCCCCc1ccc(C2(c3ccc(CCCCCC)cc3)c3cc4c(cc3-c3sc5cc(C=C6C(=O)c7cc(F)ccc7C6=C(C#N)C#N)sc5c32)C(c2ccc(CCCCCC)cc2)(c2ccc(CCCCCC)cc2)c2c-4sc3cc(C=C4C(=O)c5cc(-c6ccc(-c7ccc8c(c7)C(=O)C(=Cc7cc9sc%10c(c9s7)C(c7ccc(CCCCCC)cc7)(c7ccc(CCCCCC)cc7)c7cc9c(cc7-%10)C(c7ccc(CCCCCC)cc7)(c7ccc(CCCCCC)cc7)c7c-9sc9cc(C=C%10C(=O)c%11cc(F)ccc%11C%10=C(C#N)C#N)sc79)C8=C(C#N)C#N)s6)ccc5C4=C(C#N)C#N)sc23)cc1,CCCCC(CC)Cc1sc(-c2c3cc(-c4ccc(-c5sc(-c6ccc(C)s6)c6c5C(=O)c5c(CC(CC)CCCC)sc(CC(CC)CCCC)c5C6=O)s4)sc3c(-c3cc(F)c(CC(CC)CCCC)s3)c3cc(C)sc23)cc1F
119,CCCCCCc1ccc(C2(c3ccc(CCCCCC)cc3)c3cc4c(cc3-c3sc5cc(C=C6C(=O)c7cc(Cl)ccc7C6=C(C#N)C#N)sc5c32)C(c2ccc(CCCCCC)cc2)(c2ccc(CCCCCC)cc2)c2c-4sc3cc(C=C4C(=O)c5cc(-c6ccc(-c7ccc8c(c7)C(=O)C(=Cc7cc9sc%10c(c9s7)C(c7ccc(CCCCCC)cc7)(c7ccc(CCCCCC)cc7)c7cc9c(cc7-%10)C(c7ccc(CCCCCC)cc7)(c7ccc(CCCCCC)cc7)c7c-9sc9cc(C=C%10C(=O)c%11cc(Cl)ccc%11C%10=C(C#N)C#N)sc79)C8=C(C#N)C#N)s6)ccc5C4=C(C#N)C#N)sc23)cc1,CCCCC(CC)Cc1sc(-c2c3cc(-c4ccc(-c5sc(-c6ccc(C)s6)c6c5C(=O)c5c(CC(CC)CCCC)sc(CC(CC)CCCC)c5C6=O)s4)sc3c(-c3cc(F)c(CC(CC)CCCC)s3)c3cc(C)sc23)cc1F
